Rk,From,To,Tm,Lg,Player,G,GS,MP,FG,FGA,2P,2PA,3P,3PA,FT,FTA,ORB,DRB,TRB,AST,STL,BLK,TOV,PF,PTS,FG%,2P%,3P%,eFG%,FT%,TS%
1,2017,2018,LAL,NBA,Ivica Zubac\zubaciv01,40,11,614,127,242,127,239,0,3,32,49,43,119,162,30,14,33,31,67,286,.525,.531,.000,.525,.653,.543
2,2018,2018,CLE,NBA,Ante Zizic\zizican01,5,0,21,2,5,2,5,0,0,3,5,3,4,7,0,0,3,1,3,7,.400,.400,,.400,.600,.486
3,2017,2018,CHI,NBA,Paul Zipser\zipsepa01,52,23,1018,105,273,67,156,38,117,32,42,18,145,163,48,20,16,54,91,280,.385,.429,.325,.454,.762,.480
4,2017,2017,ORL,NBA,Stephen Zimmerman\zimmest01,19,0,108,10,31,10,31,0,0,3,5,11,24,35,4,2,5,3,17,23,.323,.323,,.323,.600,.346
5,2016,2018,TOT,NBA,Tyler Zeller\zellety01,117,8,1330,239,486,239,483,0,3,118,162,112,208,320,73,19,47,70,167,596,.492,.495,.000,.492,.728,.535
6,2016,2018,CHO,NBA,Cody Zeller\zelleco01,142,118,3634,506,924,505,913,1,11,323,450,293,618,911,172,121,130,142,413,1336,.548,.553,.091,.548,.718,.595
7,2016,2018,TOT,NBA,Thaddeus Young\youngth01,159,159,5052,933,1800,863,1606,70,194,157,259,330,849,1179,274,244,72,244,349,2093,.518,.537,.361,.538,.606,.547
8,2016,2018,TOT,NBA,Nick Young\youngni01,125,62,2724,419,1058,155,356,264,702,143,171,42,203,245,101,67,22,69,198,1245,.396,.435,.376,.521,.836,.549
9,2016,2018,IND,NBA,Joe Young\youngjo01,81,0,562,97,262,81,186,16,76,34,45,9,64,73,82,19,0,39,39,244,.370,.435,.211,.401,.756,.433
10,2016,2017,BOS,NBA,James Young\youngja01,58,0,419,36,94,18,33,18,61,7,13,10,42,52,13,16,3,9,32,97,.383,.545,.295,.479,.538,.486
11,2018,2018,BOS,NBA,Guerschon Yabusele\yabusgu01,5,0,17,5,10,3,5,2,5,2,2,4,2,6,0,0,0,2,2,14,.500,.600,.400,.600,1.000,.643
12,2016,2016,PHI,NBA,Tony Wroten\wroteto01,8,3,144,22,65,19,48,3,17,20,37,2,19,21,20,3,0,29,11,67,.338,.396,.176,.362,.541,.412
13,2016,2018,TOR,NBA,Delon Wright\wrighde01,65,1,914,112,253,89,182,23,71,92,115,30,85,115,118,44,19,61,56,339,.443,.489,.324,.488,.800,.558
14,2016,2018,MEM,NBA,Brandan Wright\wrighbr03,51,7,825,143,229,143,228,0,1,49,78,59,106,165,25,21,46,22,75,335,.624,.627,.000,.624,.628,.636
15,2016,2017,LAL,NBA,Metta World Peace\artesro01,60,7,750,74,245,39,123,35,122,50,73,24,85,109,38,32,13,22,85,233,.302,.317,.287,.373,.685,.420
16,2016,2017,TOT,NBA,Christian Wood\woodch01,30,0,252,34,76,30,60,4,16,24,36,27,40,67,5,8,13,9,22,96,.447,.500,.250,.474,.667,.523
17,2016,2018,TOT,NBA,Jeff Withey\witheje01,107,11,1113,145,274,143,265,2,9,80,109,108,191,299,27,37,86,43,128,372,.529,.540,.222,.533,.734,.578
18,2016,2018,MIA,NBA,Justise Winslow\winslju01,107,26,3126,309,761,266,598,43,163,114,173,115,440,555,202,103,35,138,261,775,.406,.445,.264,.434,.659,.463
19,2017,2017,HOU,NBA,Kyle Wiltjer\wiltjky01,14,0,44,4,14,0,1,4,13,1,2,4,6,10,2,3,1,5,4,13,.286,.000,.308,.429,.500,.437
20,2018,2018,MIL,NBA,D.J. Wilson\wilsodj01,3,0,14,2,4,2,3,0,1,0,0,0,2,2,0,0,0,0,1,4,.500,.667,.000,.500,,.500
21,2017,2018,TOT,NBA,Troy Williams\willitr02,32,16,564,75,174,57,109,18,65,21,33,16,56,72,25,27,10,32,61,189,.431,.523,.277,.483,.636,.501
22,2017,2017,NOP,NBA,Reggie Williams\willire02,6,0,79,8,23,3,12,5,11,6,7,2,4,6,4,3,0,0,2,27,.348,.250,.455,.457,.857,.518
23,2016,2016,CLE,NBA,Mo Williams\willima01,41,14,748,132,302,96,200,36,102,38,42,6,66,72,98,14,5,57,60,338,.437,.480,.353,.497,.905,.527
24,2016,2018,CHO,NBA,Marvin Williams\willima02,168,168,4910,670,1527,378,756,292,771,262,308,225,842,1067,226,125,133,127,282,1894,.439,.500,.379,.534,.851,.570
25,2016,2018,TOT,NBA,Lou Williams\willilo02,158,36,4133,761,1804,472,991,289,813,786,916,61,331,392,439,147,40,286,210,2597,.422,.476,.355,.502,.858,.588
26,2016,2016,MEM,NBA,Elliot Williams\williel01,5,0,45,2,10,1,6,1,4,3,4,1,3,4,4,0,0,1,2,8,.200,.167,.250,.250,.750,.340
27,2016,2017,TOT,NBA,Derrick Williams\willide02,130,20,2239,362,809,288,562,74,247,252,345,66,360,426,103,43,16,89,129,1050,.447,.512,.300,.493,.730,.546
28,2016,2017,TOT,NBA,Deron Williams\willide01,129,107,3763,584,1375,402,859,182,516,269,315,33,304,337,738,92,22,288,293,1619,.425,.468,.353,.491,.854,.535
29,2016,2017,PHO,NBA,Alan Williams\willial03,57,0,776,148,291,148,290,0,1,79,126,108,222,330,28,31,37,43,140,375,.509,.510,.000,.509,.627,.541
30,2018,2018,IND,NBA,Damien Wilkins\wilkida02,7,0,54,3,9,3,4,0,5,0,0,2,4,6,5,1,0,2,2,6,.333,.750,.000,.333,,.333
31,2018,2018,BRK,NBA,Jacob Wiley\wileyja01,3,0,27,1,4,0,2,1,2,1,2,2,9,11,1,1,0,0,4,4,.250,.000,.500,.375,.500,.410
32,2016,2017,TOT,NBA,C.J. Wilcox\wilcocj01,45,0,275,34,97,22,59,12,38,11,14,5,19,24,22,12,3,8,23,91,.351,.373,.316,.412,.786,.441
33,2016,2018,MIN,NBA,Andrew Wiggins\wiggian01,174,174,6281,1383,3037,1206,2507,177,530,881,1172,221,450,671,370,173,80,392,368,3824,.455,.481,.334,.485,.752,.538
34,2016,2016,IND,NBA,Shayne Whittington\whittsh01,7,0,41,5,11,5,9,0,2,1,2,5,7,12,3,1,1,5,7,11,.455,.556,.000,.455,.500,.463
35,2016,2018,MIA,NBA,Hassan Whiteside\whiteha01,156,126,4801,996,1729,994,1727,2,2,454,709,549,1476,2025,91,108,440,302,440,2448,.576,.576,1.000,.577,.640,.600
36,2017,2018,BRK,NBA,Isaiah Whitehead\whiteis01,75,26,1663,206,516,161,366,45,150,91,113,32,154,186,197,46,38,144,175,548,.399,.440,.300,.443,.805,.484
37,2017,2018,MIA,NBA,Okaro White\whiteok01,41,4,551,40,103,24,58,16,45,22,25,28,65,93,23,11,11,19,58,118,.388,.414,.356,.466,.880,.518
38,2018,2018,SAS,NBA,Derrick White\whitede01,4,0,21,0,2,0,2,0,0,1,4,2,4,6,2,1,1,0,1,1,.000,.000,,.000,.250,.133
39,2016,2018,OKC,NBA,Russell Westbrook\westbru01,172,172,5930,1561,3581,1242,2601,319,980,1209,1472,296,1294,1590,1788,313,53,835,421,4650,.436,.478,.326,.480,.821,.550
40,2016,2018,TOT,NBA,David West\westda01,157,19,2385,413,750,404,731,9,19,112,144,131,409,540,306,93,119,158,263,947,.551,.553,.474,.557,.778,.582
41,2016,2016,TOT,NBA,Sonny Weems\weemsso01,43,0,499,42,110,27,69,15,41,8,15,7,46,53,49,10,1,41,47,107,.382,.391,.366,.450,.533,.459
42,2016,2017,TOT,NBA,Briante Weber\weberbr01,27,4,374,39,99,38,84,1,15,14,20,16,35,51,42,21,4,17,28,93,.394,.452,.067,.399,.700,.431
43,2016,2017,ORL,NBA,C.J. Watson\watsocj01,95,11,1668,143,385,97,232,46,153,91,105,26,129,155,202,62,7,72,133,423,.371,.418,.301,.431,.867,.490
44,2016,2018,PHO,NBA,T.J. Warren\warretj01,125,75,3452,706,1429,650,1245,56,184,201,270,206,355,561,132,121,66,104,295,1669,.494,.522,.304,.514,.744,.539
45,2018,2018,MIA,NBA,Derrick Walton\waltode01,1,0,1,0,0,0,0,0,0,0,0,0,1,1,0,0,0,0,0,0,,,,,,
46,2017,2018,ATL,NBA,Taurean Waller-Prince\princta02,70,21,1323,174,423,122,278,52,145,85,109,30,186,216,79,56,31,90,125,485,.411,.439,.359,.473,.780,.515
47,2016,2018,WAS,NBA,John Wall\walljo01,165,165,5974,1288,2950,1074,2313,214,637,756,957,105,638,743,1722,315,121,677,330,3546,.437,.464,.336,.473,.790,.526
48,2016,2018,CHO,NBA,Kemba Walker\walkeke02,171,171,5999,1287,2947,842,1793,445,1154,740,869,106,595,701,923,220,64,366,250,3759,.437,.470,.386,.512,.852,.565
49,2016,2018,TOT,NBA,Dion Waiters\waitedi01,133,67,3822,621,1499,435,996,186,503,206,300,56,327,383,385,131,38,250,262,1634,.414,.437,.370,.476,.687,.501
50,2016,2018,TOT,NBA,Dwyane Wade\wadedw01,145,135,4297,994,2234,939,2031,55,203,561,708,151,453,604,614,173,92,358,254,2604,.445,.462,.271,.457,.792,.511
51,2016,2017,NYK,NBA,Sasha Vujacic\vujacsa01,103,29,1316,148,413,73,196,75,217,49,63,38,170,208,136,47,7,60,121,420,.358,.372,.346,.449,.778,.476
52,2016,2018,ORL,NBA,Nikola Vucevic\vucevni01,151,126,4540,1101,2240,1056,2108,45,132,233,327,360,1079,1439,420,141,155,260,376,2480,.492,.501,.341,.502,.713,.520
53,2016,2018,POR,NBA,Noah Vonleh\vonleno01,156,100,2513,251,559,233,493,18,66,102,150,229,484,713,62,58,56,119,315,622,.449,.473,.273,.465,.680,.498
54,2016,2016,DAL,NBA,Charlie Villanueva\villach01,62,4,665,125,327,78,155,47,172,22,24,24,128,152,24,18,15,31,71,319,.382,.503,.273,.454,.917,.473
55,2016,2018,MIL,NBA,Rashad Vaughn\vaughra01,116,8,1511,146,440,72,202,74,238,14,20,15,125,140,65,50,27,43,108,380,.332,.356,.311,.416,.700,.423
56,2016,2017,TOT,NBA,Greivis Vasquez\vasqugr01,26,0,499,47,146,28,70,19,76,24,29,5,44,49,96,11,1,41,48,137,.322,.400,.250,.387,.828,.431
57,2016,2017,TOT,NBA,Anderson Varejao\varejan01,67,1,588,58,138,58,137,0,1,40,61,49,119,168,45,19,13,30,86,156,.420,.423,.000,.420,.656,.473
58,2017,2018,TOR,NBA,Fred VanVleet\vanvlfr01,48,0,433,54,160,40,114,14,46,26,30,6,47,53,55,23,7,23,48,148,.338,.351,.304,.381,.867,.427
59,2017,2018,CHI,NBA,Denzel Valentine\valende01,66,1,1214,138,382,44,121,94,261,17,21,16,177,193,82,38,8,60,99,387,.361,.364,.360,.484,.810,.495
60,2016,2018,TOR,NBA,Jonas Valanciunas\valanjo01,147,146,3774,723,1288,721,1284,2,4,355,452,423,941,1364,103,66,145,197,400,1803,.561,.562,.500,.562,.785,.606
61,2017,2017,DAL,NBA,Jarrod Uthoff\uthofja01,9,0,115,16,38,13,29,3,9,5,7,8,14,22,9,2,4,3,8,40,.421,.448,.333,.461,.714,.487
62,2017,2018,PHO,NBA,Tyler Ulis\ulisty01,72,15,1344,213,521,190,427,23,94,74,94,24,84,108,266,57,5,96,88,523,.409,.445,.245,.431,.787,.465
63,2016,2017,TOT,NBA,Beno Udrih\udrihbe01,83,5,1267,178,395,152,319,26,76,50,54,14,115,129,247,27,1,89,80,432,.451,.476,.342,.484,.926,.516
64,2018,2018,UTA,NBA,Ekpe Udoh\udohek01,11,0,151,8,18,8,18,0,0,8,11,15,12,27,12,7,17,3,19,24,.444,.444,,.444,.727,.525
65,2016,2018,IND,NBA,Myles Turner\turnemy01,146,115,4052,735,1458,688,1317,47,141,351,447,217,749,966,151,102,270,178,437,1868,.504,.522,.333,.520,.785,.564
66,2016,2018,TOT,NBA,Evan Turner\turneev01,157,25,4249,615,1393,559,1172,56,221,256,309,93,599,692,597,144,61,293,294,1542,.441,.477,.253,.462,.828,.504
67,2016,2018,TOT,NBA,P.J. Tucker\tuckepj01,175,101,5125,461,1129,306,677,155,452,187,248,299,757,1056,291,238,43,191,436,1264,.408,.452,.343,.477,.754,.510
68,2016,2018,MIN,NBA,Karl-Anthony Towns\townska01,175,175,6012,1514,2792,1371,2392,143,400,627,758,553,1433,1986,393,120,261,420,525,3798,.542,.573,.358,.568,.827,.608
69,2016,2017,TOT,NBA,Axel Toupane\toupaax01,25,0,352,30,79,16,35,14,44,13,17,8,24,32,15,8,7,6,46,87,.380,.457,.318,.468,.765,.503
70,2016,2018,TOT,NBA,Anthony Tolliver\tollian01,145,14,2963,300,724,102,190,198,534,101,145,98,390,488,139,65,39,87,208,899,.414,.537,.371,.551,.697,.571
71,2017,2017,CHO,NBA,Mike Tobey\tobeymi01,2,0,25,1,4,1,4,0,0,0,0,2,1,3,1,0,0,1,2,2,.250,.250,,.250,,.250
72,2018,2018,LAC,NBA,Sindarius Thornwell\thornsi01,10,0,111,13,32,12,26,1,6,11,17,5,5,10,6,5,3,6,18,38,.406,.462,.167,.422,.647,.481
73,2016,2017,TOT,NBA,Marcus Thornton\thornma01,94,9,1684,300,752,181,402,119,350,90,106,60,166,226,126,66,7,76,138,809,.399,.450,.340,.478,.849,.506
74,2016,2018,CLE,NBA,Tristan Thompson\thomptr01,168,117,4778,524,883,524,880,0,3,260,466,570,932,1502,142,78,139,131,394,1308,.593,.595,.000,.593,.558,.601
75,2016,2018,GSW,NBA,Klay Thompson\thompkl01,170,170,5714,1396,2959,808,1566,588,1393,384,446,89,551,640,358,134,100,288,318,3764,.472,.516,.422,.571,.861,.596
76,2016,2016,TOT,NBA,Jason Thompson\thompja02,47,7,471,52,108,47,93,5,15,38,54,32,102,134,29,12,20,15,80,147,.481,.505,.333,.505,.704,.558
77,2016,2017,TOT,NBA,Hollis Thompson\thompho01,117,26,2906,347,880,166,393,181,487,88,125,73,311,384,134,56,30,87,256,963,.394,.422,.372,.497,.704,.515
78,2016,2018,NYK,NBA,Lance Thomas\thomala01,114,20,2421,279,658,192,453,87,205,151,177,73,227,300,92,44,12,87,205,796,.424,.424,.424,.490,.853,.541
79,2016,2017,BOS,NBA,Isaiah Thomas\thomais02,158,155,5213,1273,2855,861,1744,412,1111,1064,1193,89,359,448,957,161,22,430,334,4022,.446,.494,.371,.518,.892,.595
80,2018,2018,BOS,NBA,Daniel Theis\theisda01,11,1,149,21,36,20,32,1,4,11,14,19,25,44,5,3,9,14,32,54,.583,.625,.250,.597,.786,.640
81,2016,2018,TOT,NBA,Jason Terry\terryja01,150,7,2657,256,625,90,188,166,437,53,64,29,159,188,204,96,29,86,187,731,.410,.479,.380,.542,.828,.560
82,2018,2018,LAC,NBA,Milos Teodosic\teodomi01,2,2,32,4,12,1,5,3,7,0,0,0,1,1,8,0,1,3,3,11,.333,.200,.429,.458,,.458
83,2016,2018,TOT,NBA,Garrett Temple\templga01,155,68,3924,411,1004,222,483,189,521,159,212,70,349,419,324,166,48,154,353,1170,.409,.460,.363,.503,.750,.533
84,2016,2018,TOT,NBA,Mirza Teletovic\teletmi01,159,3,2978,513,1252,207,442,306,810,155,200,69,418,487,147,48,35,128,282,1487,.410,.468,.378,.532,.775,.555
85,2016,2018,TOT,NBA,Jeff Teague\teaguje01,172,171,5276,886,2019,671,1454,215,565,654,768,71,507,578,1198,216,59,470,359,2641,.439,.461,.381,.492,.852,.560
86,2017,2018,TOT,NBA,Isaiah Taylor\taylois01,13,0,193,23,51,21,42,2,9,11,16,2,14,16,24,6,4,11,18,59,.451,.500,.222,.471,.688,.508
87,2016,2017,TOT,NBA,Edy Tavares\tavarwa01,13,0,101,15,24,15,24,0,0,3,11,11,21,32,4,1,12,7,11,33,.625,.625,,.625,.273,.572
88,2018,2018,BOS,NBA,Jayson Tatum\tatumja01,12,12,357,52,104,34,70,18,34,40,48,14,58,72,22,9,11,20,27,162,.500,.486,.529,.587,.833,.647
89,2018,2018,POR,NBA,Caleb Swanigan\swanica01,7,0,82,9,28,8,24,1,4,6,8,9,15,24,7,3,1,7,13,25,.321,.333,.250,.339,.750,.397
90,2016,2017,TOT,NBA,Jared Sullinger\sullija01,92,74,2033,366,853,334,732,32,121,107,169,204,496,700,190,79,48,106,226,871,.429,.456,.264,.448,.633,.470
91,2016,2017,IND,NBA,Rodney Stuckey\stuckro01,97,1,1971,274,687,235,544,39,143,211,265,25,215,240,226,59,8,129,121,798,.399,.432,.273,.427,.796,.497
92,2016,2016,MIA,NBA,Amar'e Stoudemire\stoudam01,52,36,762,125,221,125,221,0,0,50,67,65,157,222,27,18,41,47,92,300,.566,.566,,.566,.746,.599
93,2018,2018,CHO,NBA,Julyan Stone\stoneju01,2,0,18,2,4,0,0,2,4,0,0,0,5,5,2,2,0,2,3,6,.500,,.500,.750,,.750
94,2017,2017,LAC,NBA,Diamond Stone\stonedi01,7,0,24,3,13,3,13,0,0,4,4,1,5,6,0,0,1,2,5,10,.231,.231,,.231,1.000,.339
95,2016,2017,TOT,NBA,Jarnell Stokes\stokeja01,9,0,25,4,6,4,6,0,0,2,4,2,4,6,3,2,0,0,4,10,.667,.667,,.667,.500,.644
96,2016,2016,TOT,NBA,Alex Stepheson\stephal01,8,0,73,9,27,9,27,0,0,4,12,19,9,28,2,1,5,0,12,22,.333,.333,,.333,.333,.341
97,2016,2018,TOT,NBA,Lance Stephenson\stephla01,99,13,1975,308,678,267,552,41,126,107,149,50,268,318,219,58,15,131,186,764,.454,.484,.325,.485,.718,.514
98,2016,2018,PHI,NBA,Nik Stauskas\stausni01,156,62,4016,462,1181,224,497,238,684,215,270,44,366,410,326,91,52,224,260,1377,.391,.451,.348,.492,.796,.530
99,2016,2017,TOT,NBA,Tiago Splitter\splitti01,44,2,655,95,186,93,178,2,8,48,59,53,89,142,34,21,13,30,79,240,.511,.522,.250,.516,.814,.566
100,2016,2018,TOT,NBA,Marreese Speights\speigma01,161,2,2181,457,1040,317,673,140,367,214,251,169,458,627,131,42,76,137,353,1268,.439,.471,.381,.507,.853,.551
101,2016,2018,TOT,NBA,Tony Snell\snellto01,154,123,3973,409,944,188,395,221,549,82,96,42,428,470,180,79,33,113,245,1121,.433,.476,.403,.550,.854,.568
102,2016,2016,MEM,NBA,Russ Smith\smithru01,15,0,66,7,22,6,17,1,5,8,13,1,8,9,11,5,1,7,5,23,.318,.353,.200,.341,.615,.415
103,2016,2018,TOT,NBA,Josh Smith\smithjo03,58,7,892,128,353,87,210,41,143,37,67,54,142,196,90,34,47,77,121,334,.363,.414,.287,.421,.552,.437
104,2016,2018,TOT,NBA,Jason Smith\smithja02,156,7,2307,422,850,380,746,42,104,95,124,123,365,488,100,54,123,117,342,981,.496,.509,.404,.521,.766,.542
105,2016,2018,CLE,NBA,J.R. Smith\smithjr01,130,121,3891,507,1297,189,454,318,843,60,93,65,294,359,213,130,33,98,316,1392,.391,.416,.377,.513,.645,.520
106,2016,2018,TOT,NBA,Ish Smith\smithis01,169,85,4408,773,1807,689,1523,84,284,198,284,69,496,565,964,154,59,304,277,1828,.428,.452,.296,.451,.697,.473
107,2016,2016,MIN,NBA,Greg Smith\smithgr02,18,0,192,18,32,18,32,0,0,7,17,12,30,42,6,4,1,7,28,43,.563,.563,,.563,.412,.545
108,2018,2018,DAL,NBA,Dennis Smith\smithde03,10,10,283,56,140,43,95,13,45,17,29,7,29,36,49,8,1,35,15,142,.400,.453,.289,.446,.586,.465
109,2016,2018,BOS,NBA,Marcus Smart\smartma01,150,35,4363,484,1379,315,763,169,616,353,446,168,438,606,603,233,56,261,400,1490,.351,.413,.274,.412,.791,.473
110,2016,2016,BRK,NBA,Donald Sloan\sloando01,61,33,1318,154,350,116,251,38,99,78,104,17,156,173,268,32,4,80,73,424,.440,.462,.384,.494,.750,.536
111,2016,2017,OKC,NBA,Kyle Singler\singlky01,100,4,1362,120,304,83,170,37,134,42,61,58,131,189,33,37,14,43,149,319,.395,.488,.276,.456,.689,.482
112,2016,2016,BRK,NBA,Henry Sims\simshe01,14,4,263,33,77,33,77,0,0,25,30,21,51,72,9,9,14,12,37,91,.429,.429,,.429,.833,.504
113,2016,2018,TOT,NBA,Jonathon Simmons\simmojo02,144,11,2480,356,772,298,598,58,174,206,274,44,248,292,206,79,31,154,277,976,.461,.498,.333,.499,.752,.547
114,2018,2018,PHI,NBA,Ben Simmons\simmobe01,11,11,380,79,158,79,152,0,6,38,61,21,82,103,86,19,9,41,30,196,.500,.520,.000,.500,.623,.530
115,2017,2018,TOR,NBA,Pascal Siakam\siakapa01,65,41,1028,138,267,132,243,6,24,26,45,72,155,227,28,35,46,38,126,308,.517,.543,.250,.528,.578,.537
116,2016,2018,CLE,NBA,Iman Shumpert\shumpim01,138,38,3414,333,832,190,409,143,423,118,151,74,370,444,212,119,48,143,280,927,.400,.465,.338,.486,.781,.516
117,2016,2018,TOT,NBA,Ramon Sessions\sessira01,136,9,2563,388,876,330,697,58,179,311,409,37,249,286,382,77,9,168,155,1145,.443,.473,.324,.476,.760,.542
118,2016,2017,TOT,NBA,Kevin Seraphin\serapke01,97,3,1085,193,403,193,399,0,4,33,45,72,196,268,70,15,56,72,133,419,.479,.484,.000,.479,.733,.496
119,2017,2017,TOT,NBA,Wayne Selden\seldewa01,14,5,236,25,58,18,30,7,28,14,22,1,15,16,13,6,1,12,18,71,.431,.600,.250,.491,.636,.525
120,2016,2018,TOT,NBA,Thabo Sefolosha\sefolth01,148,53,3587,392,826,302,562,90,264,131,190,112,545,657,225,194,71,134,223,1005,.475,.537,.341,.529,.689,.552
121,2016,2018,TOT,NBA,Mike Scott\scottmi01,104,0,1542,227,503,154,303,73,200,68,85,69,214,283,100,31,22,60,134,595,.451,.508,.365,.524,.800,.551
122,2016,2017,TOT,NBA,Luis Scola\scolalu01,112,77,2097,340,749,258,538,82,211,86,121,135,364,499,103,60,31,102,241,848,.454,.480,.389,.509,.711,.529
123,2016,2018,ATL,NBA,Dennis Schroder\schrode01,168,93,4397,955,2159,764,1591,191,568,395,473,73,403,476,907,155,25,467,306,2496,.442,.480,.336,.487,.835,.527
124,2017,2018,WAS,NBA,Tomas Satoransky\satorto01,63,3,796,66,162,55,119,11,43,26,39,29,62,91,101,28,6,40,69,169,.407,.462,.256,.441,.667,.472
125,2017,2018,PHI,NBA,Dario Saric\saricda01,92,42,2409,421,1029,294,636,127,393,183,235,126,449,575,197,59,32,199,186,1152,.409,.462,.323,.471,.779,.509
126,2017,2017,CLE,NBA,Larry Sanders\sandela01,5,0,13,1,4,1,4,0,0,2,2,3,1,4,0,1,1,2,5,4,.250,.250,,.250,1.000,.410
127,2016,2018,TOT,NBA,JaKarr Sampson\sampsja02,75,40,1173,142,321,128,257,14,64,82,124,48,147,195,47,23,33,70,146,380,.442,.498,.219,.464,.661,.506
128,2016,2016,LAL,NBA,Robert Sacre\sacrero01,25,1,320,31,75,31,75,0,0,25,38,32,40,72,14,4,10,12,43,87,.413,.413,,.413,.658,.474
129,2017,2018,TOT,NBA,Domantas Sabonis\sabondo01,91,74,1901,246,567,194,405,52,162,70,105,74,317,391,112,41,36,106,235,614,.434,.479,.321,.480,.667,.501
130,2016,2018,TOT,NBA,D'Angelo Russell\russeda01,153,118,4342,820,1992,542,1189,278,803,324,430,87,454,541,625,192,31,415,300,2242,.412,.456,.346,.481,.753,.514
131,2016,2017,TOT,NBA,Brandon Rush\rushbr01,119,58,2085,181,447,72,176,109,271,31,46,37,243,280,102,42,46,61,99,502,.405,.409,.402,.527,.674,.537
132,2016,2017,TOT,NBA,Damjan Rudez\rudezda01,78,0,591,56,150,19,36,37,114,8,8,10,35,45,31,15,2,22,64,157,.373,.528,.325,.497,1.000,.511
133,2016,2018,TOT,NBA,Ricky Rubio\rubiori01,162,162,5144,534,1374,395,931,139,443,569,652,116,558,674,1406,310,21,433,431,1776,.389,.424,.314,.439,.873,.535
134,2016,2018,BOS,NBA,Terry Rozier\roziete01,125,0,1864,222,630,142,370,80,260,71,91,73,279,352,195,67,13,73,108,595,.352,.384,.308,.416,.780,.444
135,2016,2018,TOT,NBA,Terrence Ross\rosste01,162,42,4005,628,1474,343,699,285,775,128,158,46,385,431,162,153,64,129,283,1669,.426,.491,.368,.523,.810,.541
136,2016,2018,TOT,NBA,Derrick Rose\rosede01,137,137,4367,946,2108,886,1885,60,223,382,453,119,370,489,606,90,32,341,179,2334,.449,.470,.269,.463,.843,.506
137,2016,2017,TOT,NBA,Rajon Rondo\rondora01,141,114,4380,584,1343,472,1040,112,303,117,200,150,640,790,1300,240,21,447,319,1397,.435,.454,.370,.477,.585,.488
138,2017,2017,PHI,NBA,Sergio Rodriguez\rodrise01,68,30,1518,210,536,118,284,92,252,18,27,21,136,157,344,49,4,128,95,530,.392,.415,.365,.478,.667,.484
139,2016,2017,TOT,NBA,Thomas Robinson\robinth01,119,8,1477,235,487,235,485,0,2,78,175,220,362,582,77,65,45,115,187,548,.483,.485,.000,.483,.446,.486
140,2016,2016,NOP,NBA,Nate Robinson\robinna01,2,1,23,0,1,0,0,0,1,0,0,0,0,0,4,1,0,0,5,0,.000,,.000,.000,,.000
141,2016,2017,IND,NBA,Glenn Robinson\robingl02,114,31,1935,223,489,160,327,63,162,81,115,69,245,314,73,58,29,55,84,590,.456,.489,.389,.520,.704,.547
142,2016,2017,TOT,NBA,Brian Roberts\roberbr01,92,2,886,120,287,88,201,32,86,75,86,11,69,80,106,19,3,49,53,347,.418,.438,.372,.474,.872,.534
143,2016,2018,OKC,NBA,Andre Roberson\roberan03,160,160,4173,373,787,291,481,82,306,82,169,193,494,687,138,152,128,93,356,910,.474,.605,.268,.526,.485,.528
144,2016,2018,LAC,NBA,Austin Rivers\riverau01,151,44,3838,595,1361,401,830,194,531,224,329,49,259,308,327,117,20,193,352,1608,.437,.483,.365,.508,.681,.534
145,2017,2018,SAC,NBA,Malachi Richardson\richama01,29,0,283,41,97,26,56,15,41,21,26,4,26,30,15,8,1,11,32,118,.423,.464,.366,.500,.808,.544
146,2016,2018,MIA,NBA,Josh Richardson\richajo01,116,47,3083,363,885,219,488,144,397,114,155,63,249,312,238,112,74,131,276,984,.410,.449,.363,.492,.735,.516
147,2016,2018,TOT,NBA,Willie Reed\reedwi02,120,7,1567,264,457,262,452,2,5,87,154,188,305,493,37,26,82,52,199,617,.578,.580,.400,.580,.565,.588
148,2016,2018,TOT,NBA,J.J. Redick\redicjj01,162,162,4590,868,1884,442,936,426,948,376,422,21,316,337,248,99,18,187,281,2538,.461,.472,.449,.574,.891,.613
149,2016,2018,TOT,NBA,Zach Randolph\randoza01,150,67,4028,915,1982,880,1845,35,137,325,426,377,807,1184,280,89,25,226,300,2190,.462,.477,.255,.470,.763,.505
150,2016,2018,LAL,NBA,Julius Randle\randlju01,167,133,4648,789,1697,761,1592,28,105,425,594,337,1206,1543,428,108,76,348,531,2031,.465,.478,.267,.473,.715,.519
151,2017,2017,TOT,NBA,Chasson Randle\randlch01,26,0,299,40,98,24,51,16,47,41,43,6,26,32,34,9,2,19,39,137,.408,.471,.340,.490,.953,.586
152,2018,2018,MEM,NBA,Ivan Rabb\rabbiv01,1,0,1,0,0,0,0,0,0,0,0,0,0,0,0,0,0,0,0,0,,,,,,
153,2017,2017,POR,NBA,Tim Quarterman\quartti01,16,0,80,13,29,8,16,5,13,0,3,4,10,14,11,2,3,11,6,31,.448,.500,.385,.534,.000,.511
154,2018,2018,HOU,NBA,Zhou Qi\qizh01,5,0,27,2,10,2,4,0,6,5,6,0,6,6,0,0,1,3,4,9,.200,.500,.000,.200,.833,.356
155,2016,2016,MIN,NBA,Tayshaun Prince\princta01,77,44,1462,102,229,98,206,4,23,13,19,32,115,147,73,36,13,27,62,221,.445,.476,.174,.454,.684,.466
156,2016,2016,LAC,NBA,Pablo Prigioni\prigipa01,59,3,823,55,147,27,52,28,95,7,8,38,76,114,130,53,1,49,82,145,.374,.519,.295,.469,.875,.482
157,2016,2017,PHO,NBA,Ronnie Price\pricero01,76,18,1345,120,326,49,113,71,213,34,45,28,82,110,165,85,14,73,175,345,.368,.434,.333,.477,.756,.499
158,2016,2016,TOT,NBA,Phil Pressey\pressph01,23,0,283,30,78,26,60,4,18,13,25,3,28,31,75,18,4,33,28,77,.385,.433,.222,.410,.520,.433
159,2017,2018,TOT,NBA,Alex Poythress\poythal01,12,1,174,27,56,19,35,8,21,8,10,11,21,32,5,3,2,4,15,70,.482,.543,.381,.554,.800,.579
160,2016,2018,TOR,NBA,Norman Powell\powelno01,136,53,2355,360,821,256,520,104,301,184,230,44,255,299,153,94,29,116,211,1008,.438,.492,.346,.502,.800,.547
161,2016,2018,DAL,NBA,Dwight Powell\poweldw01,158,5,2522,359,727,330,614,29,113,216,288,190,437,627,107,106,68,82,278,963,.494,.537,.257,.514,.750,.564
162,2016,2018,NYK,NBA,Kristaps Porzingis\porzikr01,148,147,4541,926,2086,714,1479,212,607,460,565,256,820,1076,201,104,286,264,476,2524,.444,.483,.349,.495,.814,.541
163,2016,2018,CHI,NBA,Bobby Portis\portibo01,127,17,2126,377,824,326,671,51,153,89,129,202,444,646,91,41,33,93,196,894,.458,.486,.333,.488,.690,.508
164,2016,2018,WAS,NBA,Otto Porter\porteot01,165,163,5220,825,1646,556,993,269,653,206,261,229,747,976,258,241,81,122,386,2125,.501,.560,.412,.583,.789,.603
165,2018,2018,CHI,NBA,Quincy Pondexter\pondequ01,7,0,78,10,28,8,14,2,14,8,9,5,7,12,4,3,2,7,11,30,.357,.571,.143,.393,.889,.469
166,2017,2018,TOR,NBA,Jakob Poeltl\poeltja01,65,4,810,101,167,101,167,0,0,37,72,108,124,232,19,23,30,41,135,239,.605,.605,,.605,.514,.601
167,2016,2017,TOT,NBA,Miles Plumlee\plumlmi01,106,26,1354,184,325,184,325,0,0,59,98,132,195,327,37,39,63,70,146,427,.566,.566,,.566,.602,.580
168,2016,2018,TOT,NBA,Mason Plumlee\plumlma01,175,146,4430,633,1195,633,1185,0,10,408,672,387,900,1287,527,148,188,304,503,1674,.530,.534,.000,.530,.607,.561
169,2017,2017,NYK,NBA,Marshall Plumlee\plumlma02,21,1,170,16,30,16,30,0,0,8,19,23,28,51,10,4,4,12,23,40,.533,.533,,.533,.421,.521
170,2016,2016,UTA,NBA,Tibor Pleiss\pleisti01,12,0,82,11,25,11,23,0,2,2,2,6,9,15,2,1,2,8,19,24,.440,.478,.000,.440,1.000,.464
171,2016,2017,LAC,NBA,Paul Pierce\piercpa01,93,45,1508,172,467,82,182,90,285,64,79,13,221,234,81,37,22,74,169,498,.368,.451,.316,.465,.810,.496
172,2018,2018,PHO,NBA,Alec Peters\peteral01,2,0,14,1,4,0,0,1,4,0,0,0,3,3,0,0,2,0,1,3,.250,,.250,.375,,.375
173,2016,2016,NOP,NBA,Kendrick Perkins\perkike01,37,5,542,40,75,40,75,0,0,11,25,25,103,128,31,11,11,41,64,91,.533,.533,,.533,.440,.529
174,2016,2016,MIN,NBA,Nikola Pekovic\pekovni01,12,3,156,19,50,19,50,0,0,16,20,7,14,21,11,1,0,9,22,54,.380,.380,,.380,.800,.459
175,2017,2018,MIL,NBA,Gary Payton\paytoga02,7,0,102,8,23,7,13,1,10,3,5,0,12,12,13,3,4,10,10,20,.348,.538,.100,.370,.600,.397
176,2016,2018,ORL,NBA,Elfrid Payton\paytoel01,158,130,4633,761,1669,690,1427,71,242,259,404,168,490,658,1021,183,63,363,339,1852,.456,.484,.293,.477,.641,.501
177,2016,2017,TOT,NBA,Cameron Payne\payneca01,88,1,1160,178,471,115,274,63,197,24,32,12,121,133,163,50,10,73,132,443,.378,.420,.320,.445,.750,.457
178,2016,2017,MIN,NBA,Adreian Payne\paynead01,70,2,621,76,199,64,152,12,47,31,45,29,115,144,36,24,18,44,109,195,.382,.421,.255,.412,.689,.446
179,2016,2018,TOT,NBA,Chris Paul\paulch01,136,136,4374,891,1908,645,1273,246,635,526,588,80,542,622,1311,273,22,342,335,2554,.467,.507,.387,.531,.895,.589
180,2018,2018,SAS,NBA,Brandon Paul\paulbr01,11,0,165,17,33,8,15,9,18,7,11,1,13,14,11,9,2,12,19,50,.515,.533,.500,.652,.636,.661
181,2016,2018,TOT,NBA,Patrick Patterson\pattepa01,155,8,3780,368,911,160,338,208,573,72,94,142,511,653,176,102,58,108,262,1016,.404,.473,.363,.518,.766,.533
182,2016,2017,ATL,NBA,Lamar Patterson\pattela01,40,0,435,31,95,18,40,13,55,18,25,5,52,57,45,10,2,27,51,93,.326,.450,.236,.395,.720,.439
183,2016,2018,TOT,NBA,Chandler Parsons\parsoch01,104,85,2636,419,923,275,548,144,375,134,190,39,353,392,238,72,30,126,181,1116,.454,.502,.384,.532,.705,.554
184,2016,2017,SAS,NBA,Tony Parker\parketo01,135,135,3567,615,1279,565,1145,50,134,215,288,26,263,289,664,88,13,220,206,1495,.481,.493,.373,.500,.747,.532
185,2016,2017,MIL,NBA,Jabari Parker\parkeja01,127,122,4136,842,1713,768,1500,74,213,337,446,202,507,709,272,119,51,209,265,2095,.492,.512,.347,.513,.756,.549
186,2016,2016,DEN,NBA,Kostas Papanikolaou\papanko01,26,6,294,24,66,14,34,10,32,9,14,8,32,40,16,13,5,21,24,67,.364,.412,.313,.439,.643,.464
187,2017,2018,SAC,NBA,Georgios Papagiannis\papagge01,24,0,367,58,104,58,102,0,2,12,14,24,64,88,21,3,18,25,45,128,.558,.569,.000,.558,.857,.581
188,2018,2018,CHO,NBA,Marcus Paige\paigema01,1,0,3,0,2,0,2,0,0,0,0,0,2,2,0,0,0,0,0,0,.000,.000,,.000,,.000
189,2016,2018,TOT,NBA,Zaza Pachulia\pachuza01,158,151,3442,403,818,403,813,0,5,317,410,401,785,1186,273,131,58,225,370,1123,.493,.496,.000,.493,.773,.562
190,2016,2018,WAS,NBA,Kelly Oubre\oubreke01,153,20,2618,318,754,215,433,103,321,119,164,96,362,458,66,91,31,96,328,858,.422,.497,.321,.490,.726,.519
191,2018,2018,CLE,NBA,Cedi Osman\osmande01,6,0,28,2,6,2,4,0,2,0,0,0,6,6,1,0,0,0,2,4,.333,.500,.000,.333,,.333
192,2017,2017,HOU,NBA,Chinanu Onuaku\onuakch01,5,1,52,5,7,5,7,0,0,4,4,2,8,10,3,3,1,4,6,14,.714,.714,,.714,1.000,.799
193,2017,2017,ORL,NBA,Arinze Onuaku\onuakar01,8,0,28,2,4,2,4,0,0,0,0,2,4,6,2,0,1,2,3,4,.500,.500,,.500,,.500
194,2016,2018,TOT,NBA,Kelly Olynyk\olynyke01,155,15,3156,553,1137,386,707,167,430,205,275,154,555,709,273,102,69,197,399,1478,.486,.546,.388,.560,.745,.587
195,2016,2018,TOT,NBA,Victor Oladipo\oladivi01,151,131,4992,933,2111,679,1413,254,698,374,464,94,592,686,501,210,84,314,364,2494,.442,.481,.364,.502,.806,.539
196,2016,2018,PHI,NBA,Jahlil Okafor\okafoja01,105,81,2750,643,1261,642,1255,1,6,241,356,207,415,622,124,42,112,218,269,1528,.510,.512,.167,.510,.677,.539
197,2018,2018,BOS,NBA,Semi Ojeleye\ojelese01,11,0,174,12,30,3,7,9,23,6,8,5,14,19,2,4,0,4,11,39,.400,.429,.391,.550,.750,.582
198,2017,2017,WAS,NBA,Daniel Ochefu\ochefda01,19,0,75,12,27,12,27,0,0,0,2,5,17,22,3,2,0,3,17,24,.444,.444,,.444,.000,.430
199,2016,2018,NYK,NBA,Kyle O'Quinn\oquinky01,155,9,2179,374,737,367,695,7,42,128,165,254,501,755,213,60,167,156,310,883,.507,.528,.167,.512,.776,.545
200,2018,2018,UTA,NBA,Royce O'Neale\onealro01,4,0,21,2,10,2,6,0,4,4,4,0,5,5,1,2,0,0,3,8,.200,.333,.000,.200,1.000,.340
201,2016,2018,TOT,NBA,Johnny O'Bryant\obryajo01,83,4,1007,113,269,107,255,6,14,40,54,79,132,211,41,20,11,40,116,272,.420,.420,.429,.431,.741,.465
202,2016,2016,UTA,NBA,J.J. O'Brien\obriejj01,2,0,6,0,1,0,1,0,0,0,0,0,1,1,0,1,0,0,1,0,.000,.000,,.000,,.000
203,2017,2018,TOT,NBA,David Nwaba\nwabada01,28,5,565,67,119,64,109,3,10,38,57,20,87,107,22,19,13,15,50,175,.563,.587,.300,.576,.667,.607
204,2016,2018,TOT,NBA,Jusuf Nurkic\nurkiju01,108,62,2237,439,918,439,910,0,8,213,354,235,490,725,184,86,129,232,292,1091,.478,.482,.000,.478,.602,.508
205,2018,2018,NYK,NBA,Frank Ntilikina\ntilila01,9,0,179,18,51,13,32,5,19,1,4,3,14,17,45,14,1,20,26,42,.353,.406,.263,.402,.250,.398
206,2016,2018,DAL,NBA,Dirk Nowitzki\nowitdi01,141,141,4078,841,1907,621,1320,220,587,361,408,82,826,908,232,87,92,148,298,2263,.441,.470,.375,.499,.885,.542
207,2016,2017,TOT,NBA,Steve Novak\novakst01,18,0,66,10,25,2,4,8,21,1,1,0,8,8,0,0,0,1,4,29,.400,.500,.381,.560,1.000,.570
208,2016,2018,TOR,NBA,Lucas Nogueira\noguelu01,94,9,1435,151,230,146,210,5,20,57,89,108,212,320,54,71,113,63,183,364,.657,.695,.250,.667,.640,.676
209,2016,2018,TOT,NBA,Nerlens Noel\noelne01,130,87,3218,515,943,514,940,1,3,227,357,270,633,903,177,193,160,222,346,1258,.546,.547,.333,.547,.636,.572
210,2016,2017,TOT,NBA,Joakim Noah\noahjo01,75,48,1650,150,335,150,333,0,2,56,123,249,409,658,213,48,66,110,204,356,.448,.450,.000,.448,.455,.457
211,2016,2017,TOT,NBA,Andrew Nicholson\nichoan01,94,0,1165,189,421,143,280,46,141,60,79,49,213,262,35,26,28,58,124,484,.449,.511,.326,.504,.759,.531
212,2017,2017,IND,NBA,Georges Niang\niangge01,23,0,93,9,36,8,24,1,12,2,2,2,15,17,5,3,0,5,6,21,.250,.333,.083,.264,1.000,.285
213,2016,2018,UTA,NBA,Raul Neto\netora01,127,53,1910,227,527,152,329,75,198,63,82,22,133,155,214,86,8,129,175,592,.431,.462,.379,.502,.768,.526
214,2016,2018,TOT,NBA,Jameer Nelson\nelsoja01,124,54,3354,407,973,245,523,162,450,84,109,48,281,329,617,90,15,209,313,1060,.418,.468,.360,.502,.771,.519
215,2016,2017,TOT,NBA,Gary Neal\nealga01,42,2,825,151,332,110,230,41,102,51,59,11,73,84,48,20,1,29,56,394,.455,.478,.402,.517,.864,.550
216,2017,2017,NYK,NBA,Maurice Ndour\ndourma01,32,4,331,39,86,38,79,1,7,19,26,22,42,64,8,15,8,12,30,98,.453,.481,.143,.459,.731,.503
217,2016,2018,TOT,NBA,Shabazz Napier\napiesh01,115,2,1179,153,404,81,202,72,202,73,97,18,107,125,170,58,3,89,80,451,.379,.401,.356,.468,.753,.505
218,2016,2018,LAL,NBA,Larry Nance\nancela02,134,37,2893,383,718,372,670,11,48,106,148,239,502,741,147,147,67,111,299,883,.533,.555,.229,.541,.716,.564
219,2018,2018,BOS,NBA,Abdel Nader\naderab01,7,0,48,6,16,5,11,1,5,0,0,2,4,6,3,2,1,4,4,13,.375,.455,.200,.406,,.406
220,2016,2018,ATL,NBA,Mike Muscala\muscami01,139,8,2004,267,540,203,372,64,168,91,115,125,272,397,138,50,73,90,192,689,.494,.546,.381,.554,.791,.583
221,2017,2018,DEN,NBA,Jamal Murray\murraja01,94,22,2054,345,854,217,460,128,394,128,144,52,189,241,202,61,26,135,144,946,.404,.472,.325,.479,.889,.516
222,2017,2018,SAS,NBA,Dejounte Murray\murrade01,49,15,576,86,203,77,178,9,25,43,60,25,83,108,83,20,7,61,45,224,.424,.433,.360,.446,.717,.488
223,2016,2016,MEM,NBA,Xavier Munford\munfoxa02,14,0,244,32,77,23,54,9,23,7,14,3,28,31,22,13,3,15,25,80,.416,.426,.391,.474,.500,.481
224,2016,2018,MIN,NBA,Shabazz Muhammad\muhamsh01,171,3,3359,625,1335,532,1030,93,305,335,438,191,316,507,92,49,15,127,190,1678,.468,.517,.305,.503,.765,.549
225,2016,2018,DEN,NBA,Emmanuel Mudiay\mudiaem01,135,107,3756,587,1573,443,1134,144,439,304,419,68,387,455,631,111,50,366,258,1622,.373,.391,.328,.419,.726,.461
226,2016,2018,TOT,NBA,Timofey Mozgov\mozgoti01,141,111,2605,395,731,391,709,4,22,138,180,232,423,655,78,40,92,156,309,932,.540,.551,.182,.543,.767,.575
227,2016,2017,TOT,NBA,Donatas Motiejunas\motiedo01,71,22,1026,147,343,120,239,27,104,59,102,63,147,210,73,35,16,75,124,380,.429,.502,.260,.468,.578,.490
228,2016,2017,TOT,NBA,Anthony Morrow\morroan01,117,13,1640,234,585,114,248,120,337,63,76,22,71,93,49,46,7,23,108,651,.400,.460,.356,.503,.829,.526
229,2016,2018,TOT,NBA,Markieff Morris\morrima02,144,125,4079,723,1637,601,1277,122,360,296,372,183,678,861,256,142,76,270,449,1864,.442,.471,.339,.479,.796,.518
230,2016,2018,TOT,NBA,Marcus Morris\morrima03,162,161,5487,845,1985,616,1319,229,666,356,465,169,613,782,365,123,48,228,345,2275,.426,.467,.344,.483,.766,.520
231,2016,2018,TOT,NBA,Eric Moreland\moreler01,16,0,113,7,13,7,13,0,0,2,6,6,22,28,6,4,6,7,18,16,.538,.538,,.538,.333,.512
232,2016,2018,TOT,NBA,E'Twaun Moore\mooreet01,144,56,3457,520,1114,380,760,140,354,85,119,61,256,317,292,102,52,129,263,1265,.467,.500,.395,.530,.714,.542
233,2016,2016,POR,NBA,Luis Montero\montelu01,12,0,42,5,19,4,10,1,9,3,4,0,4,4,1,0,0,4,1,14,.263,.400,.111,.289,.750,.337
234,2016,2018,MIL,NBA,Greg Monroe\monrogr01,165,67,4216,894,1700,894,1695,0,5,407,551,391,862,1253,370,164,105,275,338,2195,.526,.527,.000,.526,.739,.565
235,2018,2018,CHO,NBA,Malik Monk\monkma01,11,0,240,41,115,19,49,22,66,5,6,2,19,21,26,5,2,15,15,109,.357,.388,.333,.452,.833,.463
236,2016,2016,OKC,NBA,Nazr Mohammed\mohamna01,5,0,19,3,5,3,5,0,0,2,2,1,3,4,0,0,0,3,4,8,.600,.600,,.600,1.000,.680
237,2018,2018,UTA,NBA,Donovan Mitchell\mitchdo01,11,3,278,52,151,32,88,20,63,19,22,7,19,26,25,12,7,24,36,143,.344,.364,.317,.411,.864,.445
238,2016,2017,CHI,NBA,Nikola Mirotic\mirotni01,136,53,3325,506,1234,242,511,264,723,245,309,119,627,746,175,111,101,182,279,1521,.410,.474,.365,.517,.793,.555
239,2016,2018,TOT,NBA,Paul Millsap\millspa01,162,160,5354,999,2192,839,1682,160,510,659,867,329,1012,1341,548,250,216,376,450,2817,.456,.499,.314,.492,.760,.547
240,2016,2017,TOT,NBA,Elijah Millsap\millsel01,22,0,196,12,46,11,32,1,14,14,20,9,32,41,20,7,3,11,35,39,.261,.344,.071,.272,.700,.356
241,2016,2018,SAS,NBA,Patty Mills\millspa02,172,15,3684,565,1323,280,603,285,720,119,144,53,265,318,543,132,10,193,228,1534,.427,.464,.396,.535,.826,.553
242,2016,2017,DEN,NBA,Mike Miller\millemi01,67,2,524,31,85,4,13,27,72,2,2,8,83,91,62,15,4,30,62,91,.365,.308,.375,.524,1.000,.530
243,2018,2018,NOP,NBA,Darius Miller\milleda01,12,1,162,18,44,5,9,13,35,7,8,0,11,11,4,3,1,5,13,56,.409,.556,.371,.557,.875,.589
244,2016,2016,TOT,NBA,Andre Miller\millean02,39,4,461,59,106,57,98,2,8,24,32,12,39,51,87,16,0,37,46,144,.557,.582,.250,.566,.750,.600
245,2016,2018,TOT,NBA,C.J. Miles\milescj01,150,53,3426,568,1356,236,502,332,854,187,228,57,370,427,116,104,57,118,315,1655,.419,.470,.389,.541,.820,.568
246,2016,2018,MIL,NBA,Khris Middleton\middlkh01,118,112,4110,729,1645,527,1128,202,517,391,441,63,422,485,485,184,27,268,322,2051,.443,.467,.391,.505,.887,.558
247,2016,2018,TOT,NBA,Jordan Mickey\mickejo01,43,3,226,28,65,28,63,0,2,13,25,22,37,59,8,3,19,12,22,69,.431,.444,.000,.431,.520,.454
248,2016,2018,DAL,NBA,Salah Mejri\mejrisa01,115,18,1400,146,229,145,225,1,4,69,118,156,318,474,26,41,113,69,218,362,.638,.644,.250,.640,.585,.644
249,2016,2018,TOT,NBA,Jodie Meeks\meeksjo01,50,10,968,135,349,63,164,72,185,91,102,7,88,95,52,42,4,44,51,433,.387,.384,.389,.490,.892,.550
250,2016,2017,MIA,NBA,Josh McRoberts\mcrobjo01,64,15,976,99,266,74,186,25,80,34,49,45,134,179,131,28,11,53,99,257,.372,.398,.313,.419,.694,.447
251,2016,2017,TOT,NBA,Jordan McRae\mcraejo01,59,5,579,92,228,64,155,28,73,48,62,10,51,61,44,11,7,29,48,260,.404,.413,.384,.465,.774,.509
252,2016,2017,SAC,NBA,Ben McLemore\mclembe01,129,79,2619,375,874,243,519,132,355,144,196,53,224,277,130,81,16,161,248,1026,.429,.468,.372,.505,.735,.534
253,2018,2018,TOR,NBA,Alfonzo McKinnie\mckinal01,3,0,11,3,3,2,2,1,1,2,3,0,2,2,0,0,1,1,3,9,1.000,1.000,1.000,1.167,.667,1.042
254,2017,2017,MIA,NBA,Rodney McGruder\mcgruro01,78,65,1966,190,460,117,240,73,220,44,71,94,162,256,124,46,18,56,140,497,.413,.488,.332,.492,.620,.506
255,2016,2018,TOT,NBA,JaVale McGee\mcgeeja01,121,12,1195,304,487,304,482,0,5,81,158,164,238,402,24,29,101,65,171,689,.624,.631,.000,.624,.513,.619
256,2016,2016,OKC,NBA,Mitch McGary\mcgarmi01,20,0,72,11,23,11,19,0,4,4,10,4,14,18,3,1,2,7,10,26,.478,.579,.000,.478,.400,.474
257,2016,2018,TOT,NBA,Doug McDermott\mcderdo01,158,9,3607,550,1209,348,710,202,499,150,176,62,337,399,133,29,13,97,227,1452,.455,.490,.405,.538,.852,.564
258,2016,2017,TOT,NBA,K.J. McDaniels\mcdankj01,86,1,740,106,241,79,150,27,91,56,68,31,93,124,23,26,24,46,79,295,.440,.527,.297,.496,.824,.544
259,2016,2018,TOT,NBA,Chris McCullough\mcculch01,41,4,449,62,145,48,104,14,41,15,30,35,55,90,11,30,14,18,47,153,.428,.462,.341,.476,.500,.484
260,2016,2018,PHI,NBA,T.J. McConnell\mccontj01,173,68,3997,484,1038,437,884,47,154,105,139,88,450,538,959,244,22,320,278,1120,.466,.494,.305,.489,.755,.509
261,2016,2018,POR,NBA,C.J. McCollum\mccolcj01,170,170,5941,1419,3058,1004,2084,415,974,485,556,113,479,592,651,178,68,385,411,3738,.464,.482,.426,.532,.872,.566
262,2017,2018,GSW,NBA,Patrick McCaw\mccawpa01,82,20,1225,126,284,80,147,46,137,30,40,25,85,110,90,39,17,40,73,328,.444,.544,.336,.525,.750,.544
263,2016,2016,TOT,NBA,Ray McCallum\mccalra01,41,6,475,55,146,40,104,15,42,12,15,8,39,47,60,12,7,24,29,137,.377,.385,.357,.428,.800,.449
264,2016,2017,GSW,NBA,James Michael McAdoo\mcadoja01,93,3,719,107,201,104,191,3,10,47,91,64,85,149,35,28,37,35,86,264,.532,.545,.300,.540,.516,.548
265,2016,2018,TOT,NBA,Luc Mbah a Moute\mbahalu01,166,140,3366,322,658,256,476,66,182,101,161,112,275,387,78,140,61,97,246,811,.489,.538,.363,.540,.627,.556
266,2016,2016,MIL,NBA,O.J. Mayo\mayooj01,41,24,1090,119,321,67,159,52,162,31,40,13,92,105,118,48,8,72,126,321,.371,.421,.321,.452,.775,.474
267,2016,2018,DAL,NBA,Wesley Matthews\matthwe02,163,162,5547,712,1821,319,749,393,1072,289,345,51,487,538,392,169,33,203,362,2106,.391,.426,.367,.499,.838,.534
268,2018,2018,CHO,NBA,Mangok Mathiang\mathima01,1,0,3,0,2,0,2,0,0,0,0,1,1,2,0,0,0,0,0,0,.000,.000,,.000,,.000
269,2018,2018,SAC,NBA,Frank Mason\masonfr01,5,0,72,12,35,10,28,2,7,5,9,2,2,4,12,1,0,7,1,31,.343,.357,.286,.371,.556,.398
270,2016,2016,TOT,NBA,Kevin Martin\martike02,55,13,1095,156,419,107,283,49,136,153,172,14,96,110,58,26,3,54,83,514,.372,.378,.360,.431,.890,.520
271,2016,2018,MEM,NBA,Jarell Martin\martija01,80,13,1181,134,323,120,278,14,45,93,124,97,202,299,31,33,28,59,186,375,.415,.432,.311,.437,.750,.497
272,2016,2016,PHI,NBA,Kendall Marshall\marshke01,30,6,400,43,118,27,69,16,49,9,13,2,26,28,73,16,2,43,30,111,.364,.391,.327,.432,.692,.449
273,2018,2018,CHI,NBA,Lauri Markkanen\markkla01,9,9,293,47,108,23,45,24,63,24,29,12,62,74,11,3,5,14,14,142,.435,.511,.381,.546,.828,.588
274,2016,2018,TOT,NBA,Boban Marjanovic\marjabo01,91,4,814,181,313,181,313,0,0,137,175,121,207,328,31,19,36,41,83,499,.578,.578,,.578,.783,.640
275,2016,2016,ORL,NBA,Devyn Marble\marblde01,28,0,249,21,71,13,39,8,32,10,24,6,32,38,12,13,1,7,25,60,.296,.333,.250,.352,.417,.368
276,2017,2018,MIL,NBA,Thon Maker\makerth01,67,41,730,101,227,63,126,38,101,37,55,47,90,137,30,20,29,24,113,277,.445,.500,.376,.529,.673,.551
277,2016,2018,TOT,NBA,Ian Mahinmi\mahinia01,113,71,2506,343,590,343,590,0,0,184,313,207,490,697,128,102,103,148,341,870,.581,.581,,.581,.588,.598
278,2018,2018,ATL,NBA,Josh Magette\magetjo01,5,0,19,1,2,0,1,1,1,2,2,0,1,1,3,0,0,0,3,5,.500,.000,1.000,.750,1.000,.868
279,2016,2018,TOT,NBA,Shelvin Mack\macksh01,117,37,2461,370,846,290,585,80,261,107,147,35,241,276,390,84,8,197,184,927,.437,.496,.307,.485,.728,.509
280,2017,2017,WAS,NBA,Sheldon Mac\mcclesh01,30,3,287,30,75,23,45,7,30,23,27,4,30,34,15,8,2,5,17,90,.400,.511,.233,.447,.852,.518
281,2016,2018,TOT,NBA,Trey Lyles\lylestr01,158,37,2576,358,890,242,554,116,336,117,164,108,434,542,129,52,41,131,216,949,.402,.437,.345,.467,.713,.493
282,2017,2018,PHI,NBA,Timothe Luwawu-Cabarrot\luwawti01,79,19,1332,162,408,100,215,62,193,119,142,29,129,158,85,37,10,84,175,505,.397,.465,.321,.473,.838,.537
283,2017,2017,MIN,NBA,John Lucas III\lucasjo02,5,0,11,1,4,1,3,0,1,0,0,0,0,0,1,2,0,0,0,2,.250,.333,.000,.250,,.250
284,2016,2018,TOR,NBA,Kyle Lowry\lowryky01,148,148,5437,990,2243,562,1159,428,1084,712,873,108,600,708,983,252,55,420,404,3120,.441,.485,.395,.537,.816,.594
285,2016,2018,CLE,NBA,Kevin Love\loveke01,149,149,4660,840,1987,516,1101,324,886,583,685,331,1222,1553,324,121,67,292,313,2587,.423,.469,.366,.504,.851,.565
286,2016,2018,TOT,NBA,Robin Lopez\lopezro01,172,172,4774,801,1556,799,1547,2,9,215,280,539,638,1177,214,37,256,241,354,1819,.515,.516,.222,.515,.768,.542
287,2016,2018,TOT,NBA,Brook Lopez\lopezbr01,160,160,4974,1213,2480,1059,2028,154,452,649,811,341,690,1031,345,103,268,383,443,3229,.489,.522,.341,.520,.800,.569
288,2016,2018,GSW,NBA,Kevon Looney\looneke01,63,4,530,66,123,63,112,3,11,26,43,52,96,148,31,16,21,23,79,161,.537,.563,.273,.549,.605,.567
289,2017,2017,PHI,NBA,Shawn Long\longsh01,18,0,234,61,109,54,90,7,19,19,35,41,44,85,13,9,9,13,49,148,.560,.600,.368,.592,.543,.595
290,2016,2018,GSW,NBA,Shaun Livingston\livinsh01,164,6,3028,398,738,395,722,3,16,125,158,78,265,343,398,98,50,147,275,924,.539,.547,.188,.541,.791,.572
291,2016,2018,TOT,NBA,Jeremy Lin\linje01,115,47,2956,480,1140,345,756,135,384,360,440,53,335,388,423,100,56,239,247,1455,.421,.456,.352,.480,.818,.546
292,2016,2018,POR,NBA,Damian Lillard\lillada01,161,161,5770,1365,3172,897,1904,468,1268,988,1101,107,622,729,1024,146,55,474,339,4186,.430,.471,.369,.504,.897,.572
293,2017,2018,TOT,NBA,DeAndre Liggins\liggide01,69,19,859,60,155,40,102,20,53,26,43,21,95,116,56,48,17,47,88,166,.387,.392,.377,.452,.605,.477
294,2017,2018,BRK,NBA,Caris LeVert\leverca01,68,33,1538,212,496,143,267,69,229,87,124,28,200,228,141,64,15,83,119,580,.427,.536,.301,.497,.702,.527
295,2016,2018,TOT,NBA,Jon Leuer\leuerjo01,150,61,3335,549,1148,458,868,91,280,188,229,185,622,807,188,70,59,149,286,1377,.478,.528,.325,.518,.821,.551
296,2016,2018,POR,NBA,Meyers Leonard\leoname01,137,22,2572,345,819,184,376,161,443,72,90,80,477,557,163,22,46,113,357,923,.421,.489,.363,.520,.800,.538
297,2016,2017,SAS,NBA,Kawhi Leonard\leonaka01,146,146,4854,1187,2402,911,1724,276,678,761,867,175,748,923,446,261,126,259,255,3411,.494,.528,.407,.552,.878,.613
298,2016,2018,PHO,NBA,Alex Len\lenal01,166,81,3622,522,1143,518,1124,4,19,363,499,364,830,1194,149,81,168,266,506,1411,.457,.461,.211,.458,.727,.518
299,2016,2017,TOT,NBA,David Lee\leeda02,134,15,2380,426,755,426,754,0,1,151,206,250,496,746,208,53,68,148,239,1003,.564,.565,.000,.564,.733,.593
300,2016,2018,TOT,NBA,Courtney Lee\leeco01,167,150,5143,651,1440,446,917,205,523,197,229,85,419,504,347,183,52,158,290,1704,.452,.486,.392,.523,.860,.553
301,2018,2018,IND,NBA,T.J. Leaf\leaftj01,11,0,152,22,48,16,34,6,14,2,5,7,19,26,5,3,1,5,20,52,.458,.471,.429,.521,.400,.518
302,2017,2018,POR,NBA,Jake Layman\laymaja01,37,1,263,27,93,13,40,14,53,13,17,6,18,24,13,11,3,11,25,81,.290,.325,.264,.366,.765,.403
303,2016,2017,TOT,NBA,Ty Lawson\lawsoty01,135,37,3143,376,876,306,650,70,226,232,303,70,229,299,571,127,13,224,206,1054,.429,.471,.310,.469,.766,.522
304,2016,2017,MIN,NBA,Zach LaVine\lavinza01,129,80,4043,759,1669,516,1043,243,626,278,343,46,342,388,390,110,27,240,297,2039,.455,.495,.388,.528,.810,.560
305,2016,2018,TOT,NBA,Joffrey Lauvergne\lauvejo01,132,16,2068,351,737,305,585,46,152,110,145,155,402,557,128,39,21,113,201,858,.476,.521,.303,.507,.759,.536
306,2016,2018,TOT,NBA,Shane Larkin\larkish01,88,17,1847,229,531,187,410,42,121,88,113,29,161,190,357,98,12,149,129,588,.431,.456,.347,.471,.779,.506
307,2017,2017,SAS,NBA,Nicolas Laprovittola\laproni01,18,3,174,20,47,10,20,10,27,9,9,1,9,10,28,4,1,19,19,59,.426,.500,.370,.532,1.000,.579
308,2016,2016,PHI,NBA,Carl Landry\landrca01,36,12,569,139,250,133,237,6,13,67,91,49,97,146,32,12,9,22,69,351,.556,.561,.462,.568,.736,.605
309,2016,2018,CHO,NBA,Jeremy Lamb\lambje01,139,16,2703,524,1144,407,774,117,370,209,262,78,494,572,189,76,56,111,226,1374,.458,.526,.316,.509,.798,.546
310,2017,2018,SAC,NBA,Skal Labissiere\labissk01,44,14,817,155,298,150,284,5,14,65,90,61,149,210,34,22,20,51,85,380,.520,.528,.357,.529,.722,.563
311,2017,2018,NYK,NBA,Mindaugas Kuzminskas\kuzmimi01,69,5,1018,158,371,104,203,54,168,55,68,47,79,126,69,29,11,51,79,425,.426,.512,.321,.499,.809,.530
312,2018,2018,LAL,NBA,Kyle Kuzma\kuzmaky01,12,4,360,71,136,58,93,13,43,22,27,17,61,78,16,5,1,21,23,177,.522,.624,.302,.570,.815,.598
313,2016,2018,SAC,NBA,Kosta Koufos\koufoko01,160,76,3101,473,876,473,875,0,1,105,184,308,589,897,93,82,126,117,383,1051,.540,.541,.000,.540,.571,.549
314,2016,2018,TOT,NBA,Kyle Korver\korveky01,159,102,4390,549,1212,201,395,348,817,90,105,24,448,472,279,100,62,176,292,1536,.453,.509,.426,.597,.857,.610
315,2016,2017,PHO,NBA,Brandon Knight\knighbr03,106,55,3010,580,1420,415,930,165,490,288,337,61,259,320,393,88,25,265,211,1613,.408,.446,.337,.467,.855,.514
316,2018,2018,DAL,NBA,Maxi Kleber\klebima01,6,0,75,11,20,9,11,2,9,5,8,4,9,13,4,4,1,1,5,29,.550,.818,.222,.600,.625,.616
317,2016,2018,TOT,NBA,Sean Kilpatrick\kilpase01,107,24,2430,436,1037,290,602,146,435,273,319,34,316,350,194,59,8,172,156,1291,.420,.482,.336,.491,.856,.548
318,2016,2018,CHO,NBA,Michael Kidd-Gilchrist\kiddgmi01,93,93,2636,340,700,336,683,4,17,174,227,171,458,629,125,86,84,66,205,858,.486,.492,.235,.489,.767,.536
319,2018,2018,DET,NBA,Luke Kennard\kennalu01,6,0,76,10,25,9,17,1,8,2,4,1,6,7,6,2,0,5,5,23,.400,.529,.125,.420,.500,.430
320,2016,2017,TOT,NBA,Ryan Kelly\kellyry01,52,0,580,63,177,54,130,9,47,42,60,22,117,139,28,17,15,22,44,177,.356,.415,.191,.381,.700,.435
321,2016,2016,CLE,NBA,Sasha Kaun\kaunsa01,25,0,95,9,17,9,17,0,0,5,11,12,14,26,3,4,5,7,11,23,.529,.529,,.529,.455,.527
322,2016,2016,BRK,NBA,Sergey Karasev\karasse01,40,5,399,30,74,19,37,11,37,26,28,8,50,58,35,6,2,22,27,97,.405,.514,.297,.480,.929,.562
323,2016,2018,TOT,NBA,Enes Kanter\kanteen01,165,12,3529,881,1557,866,1497,15,60,440,555,489,771,1260,110,65,77,262,351,2217,.566,.578,.250,.571,.793,.615
324,2016,2018,CHO,NBA,Frank Kaminsky\kaminfr01,166,19,3929,577,1428,382,836,195,592,241,324,131,583,714,278,87,79,144,277,1590,.404,.457,.329,.472,.744,.506
325,2016,2016,POR,NBA,Chris Kaman\kamanch01,16,2,112,20,43,19,39,1,4,3,3,7,17,24,11,1,1,8,15,44,.465,.487,.250,.477,1.000,.496
326,2016,2018,TOT,NBA,Cory Joseph\josepco01,172,26,4333,595,1337,501,1062,94,275,243,315,94,382,476,549,140,36,227,287,1527,.445,.472,.342,.480,.771,.517
327,2016,2018,LAC,NBA,DeAndre Jordan\jordade01,168,168,5486,808,1151,808,1148,0,3,492,1078,619,1697,2316,196,106,323,233,443,2108,.702,.704,.000,.702,.456,.648
328,2016,2018,MIN,NBA,Tyus Jones\jonesty01,108,0,1507,141,364,95,227,46,137,70,92,20,110,130,286,85,8,80,92,398,.387,.419,.336,.451,.761,.492
329,2016,2017,TOT,NBA,Terrence Jones\joneste01,104,23,2314,397,859,353,705,44,154,180,286,127,390,517,100,63,93,97,153,1018,.462,.501,.286,.488,.629,.517
330,2016,2017,CLE,NBA,James Jones\jonesja02,96,2,844,102,234,30,64,72,170,34,46,11,76,87,28,17,20,23,87,310,.436,.469,.424,.590,.739,.610
331,2018,2018,NOP,NBA,Jalen Jones\jonesja04,1,0,3,0,1,0,1,0,0,0,0,0,1,1,0,0,0,0,0,0,.000,.000,,.000,,.000
332,2017,2018,PHO,NBA,Derrick Jones\jonesde02,36,8,570,70,125,67,112,3,13,32,45,41,41,82,14,15,17,14,65,175,.560,.598,.231,.572,.711,.604
333,2017,2017,GSW,NBA,Damian Jones\jonesda03,10,0,85,8,16,8,16,0,0,3,10,9,14,23,0,1,4,6,15,19,.500,.500,,.500,.300,.466
334,2016,2017,CLE,NBA,Dahntay Jones\jonesda02,2,0,54,9,22,8,18,1,4,3,4,2,5,7,3,1,2,1,7,22,.409,.444,.250,.432,.750,.463
335,2016,2018,DEN,NBA,Nikola Jokic\jokicni01,165,126,4140,884,1611,792,1342,92,269,369,448,422,994,1416,601,155,112,302,455,2229,.549,.590,.342,.577,.824,.616
336,2016,2018,LAC,NBA,Wesley Johnson\johnswe01,158,13,2676,304,768,167,319,137,449,49,73,68,397,465,82,125,94,80,280,794,.396,.524,.305,.485,.671,.496
337,2016,2018,MIA,NBA,Tyler Johnson\johnsty01,119,5,3314,509,1163,377,799,132,364,268,341,82,344,426,330,116,65,149,266,1418,.438,.472,.363,.494,.786,.540
338,2016,2018,DET,NBA,Stanley Johnson\johnsst04,160,17,3366,385,1042,264,644,121,398,126,169,97,430,527,239,125,37,193,321,1017,.369,.410,.304,.428,.746,.455
339,2016,2016,TOT,NBA,Orlando Johnson\johnsor01,7,1,101,9,34,7,24,2,10,6,8,4,11,15,2,3,3,4,9,26,.265,.292,.200,.294,.750,.346
340,2016,2018,TOT,NBA,Joe Johnson\johnsjo02,166,95,4680,668,1531,440,943,228,588,187,226,86,468,554,473,101,24,238,246,1751,.436,.467,.388,.511,.827,.537
341,2016,2018,TOT,NBA,James Johnson\johnsja01,143,42,3299,533,1104,415,749,118,355,215,314,103,463,566,391,119,129,256,314,1399,.483,.554,.332,.536,.685,.563
342,2018,2018,OKC,NBA,Dakari Johnson\johnsda04,3,0,8,3,4,3,4,0,0,0,0,3,2,5,3,1,2,0,0,6,.750,.750,,.750,,.750
343,2016,2016,UTA,NBA,Chris Johnson\johnsch04,70,2,857,72,194,45,95,27,99,34,42,27,105,132,45,32,20,40,100,205,.371,.474,.273,.441,.810,.482
344,2017,2018,LAC,NBA,Brice Johnson\johnsbr02,7,0,29,7,14,7,14,0,0,2,2,2,9,11,2,3,1,3,7,16,.500,.500,,.500,1.000,.538
345,2016,2018,TOT,NBA,Amir Johnson\johnsam01,170,154,3578,485,846,447,729,38,117,143,235,320,611,931,286,110,151,179,457,1151,.573,.613,.325,.596,.609,.606
346,2016,2018,TOT,NBA,Jonas Jerebko\jerebjo01,162,6,2462,238,560,146,315,92,245,91,121,139,436,575,136,46,41,93,267,659,.425,.463,.376,.507,.752,.537
347,2016,2017,TOT,NBA,Brandon Jennings\jennibr01,129,20,2670,304,839,174,432,130,407,171,230,45,247,292,565,99,11,185,173,909,.362,.403,.319,.440,.743,.483
348,2016,2017,TOT,NBA,John Jenkins\jenkijo01,47,3,493,73,165,56,112,17,53,22,26,8,50,58,36,8,1,27,22,185,.442,.500,.321,.494,.846,.524
349,2016,2018,TOT,NBA,Richard Jefferson\jefferi01,156,18,2953,298,658,169,298,129,360,140,199,43,290,333,137,59,24,95,283,865,.453,.567,.358,.551,.704,.580
350,2016,2016,PHO,NBA,Cory Jefferson\jeffeco01,8,0,50,9,22,9,21,0,1,4,6,6,10,16,0,0,1,0,8,22,.409,.429,.000,.409,.667,.446
351,2016,2018,TOT,NBA,Al Jefferson\jeffeal01,122,19,2166,511,1033,511,1031,0,2,147,208,143,482,625,138,54,64,75,260,1169,.495,.496,.000,.495,.707,.520
352,2018,2018,PHO,NBA,Mike James\jamesmi02,12,9,293,49,126,34,84,15,42,34,40,5,30,35,48,12,4,18,25,147,.389,.405,.357,.448,.850,.512
353,2016,2018,CLE,NBA,LeBron James\jamesle01,162,162,5959,1613,2993,1385,2322,228,671,771,1087,222,1068,1290,1267,213,107,607,300,4225,.539,.596,.340,.577,.709,.609
354,2016,2018,DET,NBA,Reggie Jackson\jacksre01,142,140,4163,885,2060,686,1500,199,560,445,513,92,315,407,831,106,16,361,340,2414,.430,.457,.355,.478,.867,.528
355,2017,2017,DAL,NBA,Pierre Jackson\jackspi01,8,1,84,13,39,10,28,3,11,6,7,1,8,9,19,2,0,3,5,35,.333,.357,.273,.372,.857,.416
356,2018,2018,SAC,NBA,Justin Jackson\jacksju01,11,5,215,33,68,22,39,11,29,6,8,4,14,18,5,1,1,7,12,83,.485,.564,.379,.566,.750,.580
357,2018,2018,PHO,NBA,Josh Jackson\jacksjo02,12,3,264,41,104,30,73,11,31,20,37,6,32,38,10,15,1,19,37,113,.394,.411,.355,.447,.541,.470
358,2017,2018,TOT,NBA,Demetrius Jackson\jacksde01,13,0,70,7,16,6,9,1,7,3,6,6,9,15,8,4,1,10,6,18,.438,.667,.143,.469,.500,.483
359,2016,2018,TOT,NBA,Jarrett Jack\jackja01,43,40,1291,163,415,131,304,32,111,105,118,12,155,167,290,41,8,111,98,463,.393,.431,.288,.431,.890,.496
360,2018,2018,ORL,NBA,Wesley Iwundu\iwundwe01,5,0,25,4,10,4,10,0,0,1,3,1,4,5,3,1,0,3,3,9,.400,.400,,.400,.333,.398
361,2018,2018,ORL,NBA,Jonathan Isaac\isaacjo01,10,2,201,24,52,20,36,4,16,8,9,9,34,43,9,6,10,11,22,60,.462,.556,.250,.500,.889,.536
362,2016,2018,TOT,NBA,Kyrie Irving\irvinky01,137,137,4593,1165,2523,878,1739,287,784,504,562,102,325,427,735,164,46,329,292,3121,.462,.505,.366,.519,.897,.563
363,2017,2018,LAL,NBA,Brandon Ingram\ingrabr01,91,52,2679,344,832,282,625,62,207,171,271,67,307,374,195,65,42,143,191,921,.413,.451,.300,.451,.631,.484
364,2016,2016,MIL,NBA,Damien Inglis\inglida01,20,1,156,13,37,10,24,3,13,7,8,2,29,31,10,6,3,11,11,36,.351,.417,.231,.392,.875,.444
365,2016,2018,UTA,NBA,Joe Ingles\inglejo01,174,39,3541,372,842,140,291,232,551,65,88,46,417,463,357,171,15,191,287,1041,.442,.481,.421,.580,.739,.591
366,2016,2018,TOT,NBA,Ersan Ilyasova\ilyaser01,160,112,4120,672,1580,432,905,240,675,276,365,264,642,906,211,116,57,188,399,1860,.425,.477,.356,.501,.756,.534
367,2016,2018,GSW,NBA,Andre Iguodala\iguodan01,152,2,4008,417,832,296,481,121,351,132,200,115,491,606,515,157,63,141,210,1087,.501,.615,.345,.574,.660,.591
368,2016,2018,TOT,NBA,Serge Ibaka\ibakase01,167,167,5191,940,1953,736,1399,204,554,210,264,277,850,1127,147,81,282,222,457,2294,.481,.526,.368,.534,.795,.554
369,2016,2017,TOT,NBA,R.J. Hunter\hunterj01,39,0,324,36,99,17,35,19,64,6,7,2,36,38,13,14,4,11,29,97,.364,.486,.297,.460,.857,.475
370,2016,2017,TOT,NBA,Kris Humphries\humphkr01,109,21,1524,208,509,155,347,53,162,131,166,117,307,424,65,31,44,66,163,600,.409,.447,.327,.461,.789,.515
371,2016,2018,OKC,NBA,Josh Huestis\huestjo01,15,0,177,16,42,6,18,10,24,0,5,9,25,34,6,3,10,7,14,42,.381,.333,.417,.500,.000,.475
372,2016,2017,LAL,NBA,Marcelo Huertas\huertma01,76,1,1106,122,298,102,218,20,80,36,46,20,94,114,234,36,9,99,92,300,.409,.468,.250,.443,.783,.471
373,2016,2018,TOT,NBA,Dwight Howard\howardw01,156,156,4815,824,1321,824,1313,0,8,497,990,580,1340,1920,214,138,219,378,460,2145,.624,.628,.000,.624,.502,.611
374,2017,2017,WAS,NBA,Danuel House\houseda01,1,0,1,0,0,0,0,0,0,0,0,0,1,1,0,0,0,0,0,0,,,,,,
375,2016,2018,TOT,NBA,Al Horford\horfoal01,161,161,5175,968,1962,776,1426,192,536,234,292,259,903,1162,652,127,215,250,321,2362,.493,.544,.358,.542,.801,.565
376,2016,2018,UTA,NBA,Rodney Hood\hoodro01,147,142,4377,725,1753,430,944,295,809,286,340,55,434,489,324,115,28,207,350,2031,.414,.456,.365,.498,.841,.534
377,2016,2018,PHI,NBA,Richaun Holmes\holmeri01,111,19,1929,349,645,314,523,35,122,125,181,161,296,457,95,61,96,88,235,858,.541,.600,.287,.568,.691,.592
378,2016,2018,BRK,NBA,Rondae Hollis-Jefferson\holliro01,117,77,2639,346,773,325,685,21,88,274,360,147,508,655,210,131,70,158,259,987,.448,.474,.239,.461,.761,.530
379,2016,2016,TOT,NBA,Ryan Hollins\holliry01,37,12,460,49,79,49,79,0,0,26,42,47,51,98,10,6,21,24,62,124,.620,.620,,.620,.619,.636
380,2016,2018,TOT,NBA,Justin Holiday\holidju01,144,18,2730,368,902,210,448,158,454,114,146,46,316,362,174,107,53,117,179,1008,.408,.469,.348,.496,.781,.522
381,2016,2018,NOP,NBA,Jrue Holiday\holidjr01,144,96,4469,890,1991,692,1403,198,588,319,407,82,438,520,957,202,69,398,316,2297,.447,.493,.337,.497,.784,.529
382,2016,2016,TOT,NBA,Kirk Hinrich\hinriki01,46,7,631,49,129,25,67,24,62,15,16,8,62,70,73,15,2,30,64,137,.380,.373,.387,.473,.938,.504
383,2016,2018,TOT,NBA,Darrun Hilliard\hillida01,79,3,774,99,258,68,162,31,96,50,68,7,71,78,61,21,3,48,68,279,.384,.420,.323,.444,.735,.485
384,2016,2017,TOT,NBA,Solomon Hill\hillso01,139,74,3240,276,686,158,342,118,344,139,170,90,383,473,198,109,43,115,250,809,.402,.462,.343,.488,.818,.532
385,2016,2017,TOT,NBA,Jordan Hill\hilljo01,80,11,1560,283,562,283,561,0,1,91,127,164,301,465,87,37,37,96,164,657,.504,.504,.000,.504,.717,.532
386,2016,2018,TOT,NBA,George Hill\hillge01,132,131,4304,641,1409,413,847,228,562,283,363,84,409,493,492,138,28,204,277,1793,.455,.488,.406,.536,.780,.571
387,2016,2018,TOT,NBA,Nene Hilario\hilarne01,133,19,2425,484,827,481,813,3,14,241,406,153,414,567,169,114,68,162,345,1212,.585,.592,.214,.587,.594,.603
388,2017,2018,TOT,NBA,Buddy Hield\hieldbu01,93,62,2149,378,890,214,465,164,425,77,90,43,276,319,139,51,10,119,140,997,.425,.460,.386,.517,.856,.536
389,2016,2016,TOT,NBA,J.J. Hickson\hicksjj01,35,9,436,80,155,80,154,0,1,46,103,39,93,132,23,15,14,25,47,206,.516,.519,.000,.516,.447,.514
390,2016,2017,TOT,NBA,Roy Hibbert\hibbero01,129,94,2560,262,558,262,556,0,2,178,220,186,364,550,116,40,156,108,352,702,.470,.471,.000,.470,.809,.536
391,2016,2018,ORL,NBA,Mario Hezonja\hezonma01,153,11,2479,313,780,196,429,117,351,89,104,52,288,340,178,72,32,163,207,832,.401,.457,.333,.476,.856,.504
392,2017,2018,NYK,NBA,Willy Hernangomez\hernawi01,78,22,1380,261,487,257,472,4,15,94,137,177,336,513,97,45,38,108,160,620,.536,.544,.267,.540,.686,.566
393,2017,2018,DEN,NBA,Juan Hernangomez\hernaju01,64,9,855,101,225,55,111,46,114,57,76,43,144,187,29,30,12,31,62,305,.449,.495,.404,.551,.750,.590
394,2016,2018,MIL,NBA,John Henson\hensojo01,125,43,2285,342,635,342,632,0,3,152,242,192,386,578,126,51,202,132,311,836,.539,.541,.000,.539,.628,.564
395,2016,2017,TOT,NBA,Gerald Henderson\hendege02,144,41,3098,466,1082,357,773,109,309,245,311,64,332,396,187,79,34,130,216,1286,.431,.462,.353,.481,.788,.528
396,2016,2018,TOT,NBA,Gordon Hayward\haywago01,154,154,5414,1067,2360,775,1575,292,785,755,906,110,682,792,548,168,47,342,301,3181,.452,.492,.372,.514,.833,.577
397,2016,2016,HOU,NBA,Chuck Hayes\hayesch01,2,0,24,1,2,1,2,0,0,2,2,0,8,8,2,0,0,3,6,4,.500,.500,,.500,1.000,.694
398,2016,2017,TOT,NBA,Spencer Hawes\hawessp01,111,7,1832,258,583,195,400,63,183,98,117,89,346,435,190,37,57,107,188,677,.443,.488,.344,.497,.838,.534
399,2016,2017,MIA,NBA,Udonis Haslem\hasleud01,53,0,390,34,84,33,72,1,12,21,31,18,93,111,20,11,3,13,47,90,.405,.458,.083,.411,.677,.461
400,2018,2018,LAL,NBA,Josh Hart\hartjo01,11,0,150,10,29,8,17,2,12,5,6,2,19,21,3,7,3,5,13,27,.345,.471,.167,.379,.833,.427
401,2017,2018,MEM,NBA,Andrew Harrison\harrian01,81,26,1630,133,407,86,230,47,177,158,204,25,123,148,208,58,23,93,208,471,.327,.374,.266,.385,.775,.474
402,2016,2017,CHO,NBA,Aaron Harrison\harriaa01,26,0,110,5,23,2,11,3,12,6,14,4,14,18,5,6,0,4,12,19,.217,.182,.250,.283,.429,.326
403,2016,2018,TOT,NBA,Tobias Harris\harrito02,169,133,5445,1014,2134,792,1511,222,623,407,486,170,806,976,331,132,82,212,310,2657,.475,.524,.356,.527,.837,.566
404,2017,2017,DAL,NBA,Manny Harris\harrima01,4,0,25,3,15,3,13,0,2,2,4,3,6,9,2,0,0,2,1,8,.200,.231,.000,.200,.500,.239
405,2016,2018,TOT,NBA,Joe Harris\harrijo01,67,11,1363,190,440,86,169,104,271,40,55,20,152,172,65,37,10,61,139,524,.432,.509,.384,.550,.727,.564
406,2016,2018,DEN,NBA,Gary Harris\harriga01,145,144,4601,738,1525,500,914,238,611,218,274,111,319,430,345,189,31,195,262,1932,.484,.547,.390,.562,.796,.587
407,2016,2018,DAL,NBA,Devin Harris\harride01,137,1,2515,326,771,209,412,117,359,230,296,32,249,281,269,108,21,129,248,999,.423,.507,.326,.499,.777,.554
408,2016,2018,TOT,NBA,Montrezl Harrell\harremo01,103,15,1485,294,451,293,443,1,8,103,173,113,186,299,84,32,56,64,175,692,.652,.661,.125,.653,.595,.656
409,2016,2017,TOT,NBA,Justin Harper\harpeju01,8,0,66,9,22,3,6,6,16,1,2,2,4,6,2,1,0,6,5,25,.409,.500,.375,.545,.500,.546
410,2016,2018,POR,NBA,Maurice Harkless\harklma01,166,94,3996,538,1106,423,747,115,359,159,251,237,429,666,164,145,115,159,362,1350,.486,.566,.320,.538,.633,.555
411,2016,2018,HOU,NBA,James Harden\hardeja01,175,175,6506,1496,3395,946,1854,550,1541,1549,1819,167,1052,1219,1639,282,94,899,478,5091,.441,.510,.357,.522,.852,.607
412,2016,2018,TOT,NBA,Tim Hardaway\hardati02,141,42,3391,596,1340,372,694,224,646,244,309,48,305,353,262,88,23,148,175,1660,.445,.536,.347,.528,.790,.562
413,2016,2016,CHO,NBA,Tyler Hansbrough\hansbty01,44,0,343,32,71,30,68,2,3,38,65,40,49,89,8,12,7,12,55,104,.451,.441,.667,.465,.585,.522
414,2017,2017,DAL,NBA,A.J. Hammons\hammoaj01,22,0,163,17,42,12,32,5,10,9,20,8,28,36,4,1,13,10,21,48,.405,.375,.500,.464,.450,.472
415,2017,2017,BRK,NBA,Justin Hamilton\hamilju01,64,7,1177,174,379,119,199,55,180,39,52,71,191,262,55,29,43,43,91,442,.459,.598,.306,.532,.750,.550
416,2016,2016,NOP,NBA,Jordan Hamilton\hamiljo02,11,4,304,49,116,36,71,13,45,14,21,12,50,62,25,8,3,17,24,125,.422,.507,.289,.478,.667,.499
417,2016,2016,TOT,NBA,P.J. Hairston\hairspj02,66,52,1313,145,408,75,167,70,241,50,64,25,149,174,38,32,11,41,137,410,.355,.449,.290,.441,.781,.470
418,2016,2016,CHO,NBA,Jorge Gutierrez\gutiejo01,12,0,63,6,11,6,9,0,2,10,11,0,7,7,17,3,0,6,3,22,.545,.667,.000,.545,.909,.694
419,2016,2018,LAC,NBA,Blake Griffin\griffbl01,106,106,3589,855,1731,790,1548,65,183,518,691,175,701,876,515,95,42,253,275,2293,.494,.510,.355,.513,.750,.563
420,2016,2018,TOT,NBA,Jeff Green\greenje02,161,52,4047,621,1474,493,1045,128,429,339,425,118,457,575,237,105,56,180,296,1709,.421,.472,.298,.465,.798,.514
421,2016,2018,MEM,NBA,JaMychal Green\greenja01,156,91,3551,481,997,411,807,70,190,237,304,306,612,918,152,93,67,177,438,1269,.482,.509,.368,.518,.780,.561
422,2016,2017,TOT,NBA,Gerald Green\greenge01,116,14,2095,325,819,202,448,123,371,105,133,41,206,247,89,47,26,71,171,878,.397,.451,.332,.472,.789,.500
423,2016,2016,TOT,NBA,Erick Green\greener01,9,0,42,5,13,4,8,1,5,2,2,3,3,6,3,1,0,0,4,13,.385,.500,.200,.423,1.000,.468
424,2016,2018,GSW,NBA,Draymond Green\greendr01,169,169,5635,715,1553,520,993,195,560,404,572,246,1215,1461,1211,284,231,483,493,2029,.460,.524,.348,.523,.706,.562
425,2016,2018,SAS,NBA,Danny Green\greenda02,158,158,4187,437,1122,183,412,254,710,69,90,85,482,567,285,161,133,169,275,1197,.389,.444,.358,.503,.767,.515
426,2016,2018,TOT,NBA,Jerian Grant\grantje02,148,43,2548,305,764,230,505,75,259,190,230,49,242,291,359,107,20,144,208,875,.399,.455,.290,.448,.826,.506
427,2016,2018,TOT,NBA,Jerami Grant\grantje01,168,56,3852,436,997,352,713,84,284,326,502,153,459,612,192,98,217,166,389,1282,.437,.494,.296,.479,.649,.526
428,2017,2018,CHO,NBA,Treveon Graham\grahatr01,37,1,394,36,84,22,52,14,32,16,23,13,35,48,23,14,1,8,44,102,.429,.423,.438,.512,.696,.542
429,2016,2016,HOU,NBA,Andrew Goudelock\goudean01,8,0,50,9,20,8,11,1,9,3,4,1,1,2,4,6,2,7,4,22,.450,.727,.111,.475,.750,.506
430,2016,2018,WAS,NBA,Marcin Gortat\gortama01,168,167,5150,875,1524,875,1521,0,3,270,397,483,1205,1688,243,91,166,259,436,2020,.574,.575,.000,.574,.680,.595
431,2016,2018,TOT,NBA,Eric Gordon\gordoer01,131,69,4174,722,1755,320,677,402,1078,308,358,41,287,328,342,99,58,225,270,2154,.411,.473,.373,.526,.860,.563
432,2016,2018,ORL,NBA,Aaron Gordon\gordoaa01,167,118,4447,731,1560,589,1111,142,449,308,440,284,703,987,297,132,103,169,346,1912,.469,.530,.316,.514,.700,.545
433,2016,2017,TOT,NBA,Archie Goodwin\goodwar01,72,13,1328,212,488,184,374,28,114,163,235,34,136,170,142,31,18,114,92,615,.434,.492,.246,.463,.694,.520
434,2016,2016,WAS,NBA,Drew Gooden\goodedr01,30,0,305,33,103,26,62,7,41,9,14,28,57,85,13,8,11,13,40,82,.320,.419,.171,.354,.643,.376
435,2016,2018,UTA,NBA,Rudy Gobert\goberru01,153,152,5047,669,1072,669,1071,0,1,511,814,555,1262,1817,203,101,377,285,437,1849,.624,.625,.000,.624,.628,.646
436,2016,2018,SAS,NBA,Manu Ginobili\ginobma01,136,0,2611,391,943,227,509,164,434,194,241,55,267,322,383,157,29,208,237,1140,.415,.446,.378,.502,.805,.543
437,2016,2018,TOT,NBA,Taj Gibson\gibsota01,162,137,4246,673,1292,668,1269,5,23,223,313,390,677,1067,196,100,149,199,371,1574,.521,.526,.217,.523,.712,.550
438,2017,2017,DAL,NBA,Jonathan Gibson\gibsojo01,17,0,231,35,95,20,50,15,45,21,29,1,21,22,26,8,0,21,21,106,.368,.400,.333,.447,.724,.492
439,2017,2018,TOT,NBA,Marcus Georges-Hunt\georgma01,11,0,59,3,10,2,7,1,3,9,10,1,8,9,3,1,0,3,7,16,.300,.286,.333,.350,.900,.556
440,2016,2018,TOT,NBA,Paul George\georgpa01,167,167,5896,1307,2986,870,1840,437,1146,812,929,145,970,1115,602,299,61,512,465,3863,.438,.473,.381,.511,.874,.569
441,2016,2017,TOT,NBA,Alonzo Gee\geeal01,86,38,1721,135,269,118,206,17,63,49,75,64,196,260,78,68,14,59,183,336,.502,.573,.270,.533,.653,.556
442,2017,2017,DET,NBA,Michael Gbinije\gbinimi01,9,0,32,1,10,1,6,0,4,2,2,2,1,3,2,0,0,0,2,4,.100,.167,.000,.100,1.000,.184
443,2016,2018,TOT,NBA,Rudy Gay\gayru01,111,100,3647,722,1562,595,1209,127,353,343,425,153,550,703,224,157,84,229,286,1914,.462,.492,.360,.503,.807,.547
444,2016,2018,TOT,NBA,Pau Gasol\gasolpa01,147,122,4195,814,1689,726,1496,88,193,376,497,283,1101,1384,484,68,233,264,276,2092,.482,.485,.456,.508,.757,.548
445,2016,2018,MEM,NBA,Marc Gasol\gasolma01,137,137,4700,932,2031,807,1706,125,325,533,640,128,796,924,568,123,189,317,337,2522,.459,.473,.385,.490,.833,.545
446,2016,2016,MIN,NBA,Kevin Garnett\garneke01,38,38,556,54,115,54,114,0,1,14,21,15,135,150,62,28,10,16,70,122,.470,.474,.000,.470,.667,.491
447,2017,2017,ORL,NBA,Patricio Garino\garinpa01,5,0,43,0,7,0,2,0,5,0,0,1,6,7,0,0,0,3,4,0,.000,.000,.000,.000,,.000
448,2016,2018,TOT,NBA,Langston Galloway\gallola01,166,9,3671,465,1179,254,618,211,561,141,183,70,390,460,305,127,29,112,280,1282,.394,.411,.376,.484,.770,.509
449,2016,2018,TOT,NBA,Danilo Gallinari\gallida01,125,125,4260,660,1557,434,944,226,613,750,846,93,554,647,297,88,36,171,195,2296,.424,.460,.369,.496,.887,.595
450,2018,2018,PHI,NBA,Markelle Fultz\fultzma01,4,0,76,9,27,9,27,0,0,6,12,3,6,9,7,2,1,6,6,24,.333,.333,,.333,.500,.372
451,2016,2018,TOT,NBA,Channing Frye\fryech01,154,47,2667,402,891,169,307,233,584,96,112,73,464,537,120,63,65,98,274,1133,.451,.550,.399,.582,.857,.602
452,2016,2016,TOT,NBA,Jimmer Fredette\fredeji01,6,0,18,2,5,1,3,1,2,4,5,0,0,0,1,1,0,2,2,9,.400,.333,.500,.500,.800,.625
453,2016,2018,TOT,NBA,Tim Frazier\fraziti01,127,38,2433,272,668,213,478,59,190,158,210,64,240,304,544,102,9,180,228,761,.407,.446,.311,.451,.752,.500
454,2016,2017,TOT,NBA,Randy Foye\foyera01,150,48,2926,287,807,145,354,142,453,115,137,33,278,311,296,74,38,166,230,831,.356,.410,.313,.444,.839,.479
455,2018,2018,SAC,NBA,De'Aaron Fox\foxde01,11,2,297,56,137,53,121,3,16,20,29,8,31,39,60,6,1,24,25,135,.409,.438,.188,.420,.690,.451
456,2016,2018,ORL,NBA,Evan Fournier\fournev01,158,148,5172,921,2023,607,1210,314,813,450,546,86,397,483,455,179,9,300,421,2606,.455,.502,.386,.533,.824,.576
457,2017,2018,SAS,NBA,Bryn Forbes\forbebr01,47,0,424,62,155,36,80,26,75,9,11,6,28,34,32,3,1,13,31,159,.400,.450,.347,.484,.818,.497
458,2017,2018,DAL,NBA,Dorian Finney-Smith\finnedo01,87,36,1717,132,350,72,148,60,202,47,63,59,171,230,71,52,26,50,133,371,.377,.486,.297,.463,.746,.491
459,2017,2018,TOT,NBA,Yogi Ferrell\ferreyo01,58,34,1536,200,489,113,266,87,223,102,121,23,119,142,196,54,11,84,117,589,.409,.425,.390,.498,.843,.543
460,2018,2018,OKC,NBA,Terrance Ferguson\fergute01,8,0,38,2,8,2,4,0,4,0,0,1,1,2,0,1,1,1,10,4,.250,.500,.000,.250,,.250
461,2016,2018,TOT,NBA,Raymond Felton\feltora01,171,42,4091,533,1266,415,884,118,382,206,250,70,422,492,501,146,38,211,282,1390,.421,.469,.309,.468,.824,.505
462,2016,2018,CHI,NBA,Cristiano Felicio\feliccr01,106,4,1506,180,319,180,315,0,4,87,132,172,283,455,72,31,32,57,162,447,.564,.571,.000,.564,.659,.593
463,2017,2018,TOT,NBA,Kay Felder\feldeka01,49,0,467,75,197,65,166,10,31,42,57,3,43,46,75,20,7,41,46,202,.381,.392,.323,.406,.737,.455
464,2016,2018,UTA,NBA,Derrick Favors\favorde01,123,109,3462,673,1326,666,1297,7,29,257,380,276,584,860,164,129,135,180,275,1610,.508,.513,.241,.510,.676,.539
465,2016,2017,TOT,NBA,Jordan Farmar\farmajo01,14,10,326,46,112,26,58,20,54,10,10,5,23,28,46,17,2,21,23,122,.411,.448,.370,.500,1.000,.524
466,2016,2018,DEN,NBA,Kenneth Faried\farieke01,138,98,3089,594,1069,593,1061,1,8,275,422,429,640,1069,138,78,102,155,301,1464,.556,.559,.125,.556,.652,.583
467,2016,2016,GSW,NBA,Festus Ezeli\ezelife01,46,13,770,125,228,125,228,0,0,70,132,91,166,257,32,18,50,38,94,320,.548,.548,,.548,.530,.559
468,2017,2017,UTA,NBA,Dante Exum\exumda01,66,26,1228,155,363,111,214,44,149,58,73,30,102,132,111,21,12,80,146,412,.427,.519,.295,.488,.795,.521
469,2016,2018,TOT,NBA,Tyreke Evans\evansty01,76,31,1851,357,828,260,574,97,254,171,218,44,275,319,319,78,18,150,145,982,.431,.453,.382,.490,.784,.531
470,2016,2016,DAL,NBA,Jeremy Evans\evansje01,30,2,251,26,48,22,32,4,16,15,21,11,43,54,2,6,9,7,19,71,.542,.688,.250,.583,.714,.620
471,2018,2018,LAC,NBA,Jawun Evans\evansja01,3,0,20,5,10,4,9,1,1,0,0,0,2,2,1,0,0,2,1,11,.500,.444,1.000,.550,,.550
472,2016,2018,TOT,NBA,Tyler Ennis\ennisty01,107,9,1293,180,413,140,300,40,113,50,63,23,103,126,189,54,4,94,126,450,.436,.467,.354,.484,.794,.511
473,2016,2018,TOT,NBA,James Ennis\ennisja01,97,44,2166,237,500,151,282,86,218,131,167,106,247,353,102,70,27,86,220,691,.474,.535,.394,.560,.784,.602
474,2017,2018,PHI,NBA,Joel Embiid\embiijo01,40,40,1039,270,570,227,443,43,127,230,294,76,263,339,97,38,90,157,143,813,.474,.512,.339,.511,.782,.581
475,2016,2017,IND,NBA,Monta Ellis\ellismo01,155,114,4732,683,1578,553,1161,130,417,255,334,61,414,475,619,228,64,338,323,1751,.433,.476,.312,.474,.763,.508
476,2016,2018,TOT,NBA,Wayne Ellington\ellinwa01,149,54,3317,475,1187,207,463,268,724,97,113,39,284,323,166,88,10,80,163,1315,.400,.447,.370,.513,.858,.532
477,2017,2018,DET,NBA,Henry Ellenson\ellenhe01,24,2,209,35,95,20,45,15,50,5,9,9,47,56,10,3,1,19,12,90,.368,.444,.300,.447,.556,.455
478,2016,2017,TOT,NBA,Jarell Eddie\eddieja01,31,0,209,26,84,7,21,19,63,16,17,3,27,30,5,6,1,2,6,87,.310,.333,.302,.423,.941,.476
479,2016,2016,NYK,NBA,Cleanthony Early\earlycl01,17,2,154,12,40,8,25,4,15,3,4,4,22,26,6,2,3,9,16,31,.300,.320,.267,.350,.750,.371
480,2016,2018,TOT,NBA,Kevin Durant\duranke01,145,145,5035,1345,2588,1010,1726,335,862,832,939,92,1095,1187,716,140,211,425,280,3857,.520,.585,.389,.584,.886,.643
481,2017,2018,TOT,NBA,Kris Dunn\dunnkr01,83,7,1452,136,361,111,274,25,87,40,65,27,162,189,205,88,39,108,196,337,.377,.405,.287,.411,.615,.432
482,2016,2017,TOT,NBA,Mike Dunleavy\dunlemi02,84,32,1544,170,408,78,175,92,233,65,82,26,172,198,89,29,17,54,133,497,.417,.446,.395,.529,.793,.560
483,2016,2016,SAS,NBA,Tim Duncan\duncati01,61,60,1536,215,441,215,439,0,2,92,131,115,332,447,163,47,78,90,125,522,.488,.490,.000,.488,.702,.523
484,2016,2016,SAC,NBA,Duje Dukan\dukandu01,1,0,24,2,10,0,5,2,5,0,0,2,2,4,1,1,0,0,2,6,.200,.000,.400,.300,,.300
485,2016,2018,TOT,NBA,Jared Dudley\dudleja01,149,48,3515,396,843,215,396,181,447,118,167,88,436,524,297,118,35,156,351,1091,.470,.543,.405,.577,.707,.595
486,2016,2018,DET,NBA,Andre Drummond\drumman01,173,173,5435,1097,2081,1093,2068,4,13,375,988,794,1686,2480,188,264,213,334,518,2573,.527,.529,.308,.528,.380,.511
487,2016,2018,MIA,NBA,Goran Dragic\dragigo01,156,156,5201,1034,2172,834,1628,200,544,455,589,126,478,604,894,169,31,419,416,2723,.476,.512,.368,.522,.772,.560
488,2016,2017,TOT,NBA,Toney Douglas\douglto01,85,18,1656,226,562,138,317,88,245,108,128,38,166,204,213,88,10,85,181,648,.402,.435,.359,.480,.844,.524
489,2018,2018,NYK,NBA,Damyean Dotson\dotsoda01,6,0,39,4,11,4,7,0,4,1,1,2,9,11,3,0,0,1,2,9,.364,.571,.000,.364,1.000,.393
490,2018,2018,ATL,NBA,Tyler Dorsey\dorsety01,5,0,27,3,9,1,2,2,7,2,2,0,3,3,1,0,0,4,1,10,.333,.500,.286,.444,1.000,.506
491,2016,2018,TOT,NBA,Spencer Dinwiddie\dinwisp01,82,20,1735,187,443,131,295,56,148,168,219,40,173,213,263,58,23,85,162,598,.422,.444,.378,.485,.767,.554
492,2016,2018,MIN,NBA,Gorgui Dieng\dienggo01,175,121,5047,667,1294,643,1223,24,71,361,441,368,921,1289,312,187,193,257,494,1719,.515,.526,.338,.525,.819,.578
493,2016,2017,TOT,NBA,Boris Diaw\diawbo01,149,37,2669,348,710,303,560,45,150,82,111,104,287,391,346,44,30,184,185,823,.490,.541,.300,.522,.739,.542
494,2017,2018,NOP,NBA,Cheick Diallo\diallch01,23,0,245,41,87,41,87,0,0,16,23,27,62,89,5,4,8,10,26,98,.471,.471,,.471,.696,.505
495,2016,2018,TOR,NBA,DeMar DeRozan\derozde01,163,163,5804,1424,3114,1335,2822,89,292,1185,1402,142,632,774,651,174,35,390,321,4122,.457,.473,.305,.472,.845,.552
496,2016,2018,TOT,NBA,Luol Deng\denglu01,131,123,3893,504,1171,365,750,139,421,191,255,171,567,738,215,123,49,125,183,1338,.430,.487,.330,.490,.749,.521
497,2016,2018,TOT,NBA,Matthew Dellavedova\dellama01,162,69,4065,431,1091,247,616,184,475,149,173,61,271,332,728,98,9,268,351,1195,.395,.401,.387,.479,.861,.512
498,2017,2018,ATL,NBA,Malcolm Delaney\delanma01,82,4,1436,165,439,131,312,34,127,84,107,13,129,142,214,47,2,105,126,448,.376,.420,.268,.415,.785,.461
499,2016,2018,TOT,NBA,Sam Dekker\dekkesa01,88,2,1479,210,446,148,251,62,195,39,70,96,199,295,79,41,21,44,88,521,.471,.590,.318,.540,.557,.546
500,2016,2016,NOP,NBA,Bryce Dejean-Jones\dejeabr01,14,11,279,28,69,16,37,12,32,11,21,8,40,48,15,10,2,11,17,79,.406,.432,.375,.493,.524,.505
501,2016,2018,TOT,NBA,Dewayne Dedmon\dedmode01,145,68,2309,304,519,299,506,5,13,134,183,213,598,811,68,62,117,108,317,747,.586,.591,.385,.591,.732,.623
502,2016,2016,LAC,NBA,Branden Dawson\dawsobr01,6,0,29,2,5,2,5,0,0,1,1,2,2,4,0,0,1,0,2,5,.400,.400,,.400,1.000,.460
503,2016,2018,POR,NBA,Ed Davis\davised01,138,12,2683,306,533,306,533,0,0,182,311,358,578,936,120,77,103,112,370,794,.574,.574,,.574,.585,.593
504,2017,2018,MEM,NBA,Deyonta Davis\davisde01,37,0,241,25,49,25,49,0,0,10,18,20,42,62,3,3,17,8,41,60,.510,.510,,.510,.556,.527
505,2016,2018,NOP,NBA,Anthony Davis\davisan02,147,147,5278,1437,2854,1349,2579,88,275,920,1171,334,1312,1646,301,186,315,326,339,3882,.504,.523,.320,.519,.786,.576
506,2016,2018,TOT,NBA,Troy Daniels\danietr01,122,3,1839,298,734,81,214,217,520,51,67,30,137,167,71,33,7,76,145,864,.406,.379,.417,.554,.761,.566
507,2016,2018,GSW,NBA,Stephen Curry\curryst01,170,170,5728,1573,3239,803,1451,770,1788,763,842,135,705,840,1129,333,35,533,372,4679,.486,.553,.431,.605,.906,.648
508,2016,2017,TOT,NBA,Seth Curry\curryse01,114,51,2721,440,927,253,494,187,433,130,154,34,205,239,256,101,10,128,167,1197,.475,.512,.432,.576,.844,.602
509,2016,2016,TOT,NBA,Jared Cunningham\cunnija01,44,3,410,36,105,24,66,12,39,36,55,3,35,38,20,14,2,21,41,120,.343,.364,.308,.400,.655,.464
510,2016,2018,NOP,NBA,Dante Cunningham\cunnida01,158,93,3932,382,836,245,442,137,394,77,120,127,435,562,123,90,65,72,302,978,.457,.554,.348,.539,.642,.550
511,2016,2018,TOT,NBA,Jae Crowder\crowdja01,157,154,4954,722,1608,431,813,291,795,392,481,126,705,831,301,209,59,176,384,2127,.449,.530,.366,.539,.815,.584
512,2017,2018,NOP,NBA,Jordan Crawford\crawfjo02,21,0,479,112,232,71,132,41,100,20,26,6,31,37,66,11,3,29,36,285,.483,.538,.410,.571,.769,.585
513,2016,2018,TOT,NBA,Jamal Crawford\crawfja01,172,6,4504,776,1903,526,1195,250,708,440,496,38,250,288,425,122,27,267,250,2242,.408,.440,.353,.473,.887,.528
514,2016,2018,TOT,NBA,Allen Crabbe\crabbal01,171,19,4631,650,1421,381,772,269,649,230,268,50,432,482,206,124,40,136,379,1799,.457,.494,.414,.552,.858,.585
515,2016,2018,PHI,NBA,Robert Covington\covinro01,145,127,4362,627,1571,279,595,348,976,297,370,170,749,919,213,248,119,293,479,1899,.399,.469,.357,.510,.803,.548
516,2016,2018,TOT,NBA,DeMarcus Cousins\couside01,149,149,5171,1362,3013,1131,2347,231,666,1073,1435,335,1371,1706,615,221,207,578,563,4028,.452,.482,.347,.490,.748,.553
517,2016,2016,TOT,NBA,Bryce Cotton\cottobr01,8,0,39,4,10,4,7,0,3,0,0,0,0,0,3,3,0,5,2,8,.400,.571,.000,.400,,.400
518,2016,2016,MIL,NBA,Chris Copeland\copelch01,24,1,156,17,51,7,15,10,36,6,7,1,9,10,11,2,0,6,17,50,.333,.467,.278,.431,.857,.462
519,2018,2018,NOP,NBA,Charles Cooke\cookech01,1,0,3,1,4,1,2,0,2,0,0,0,0,0,0,1,0,0,0,2,.250,.500,.000,.250,,.250
520,2017,2018,TOT,NBA,Quinn Cook\cookqu01,15,0,189,34,67,23,41,11,26,2,5,1,6,7,26,4,0,13,14,81,.507,.561,.423,.590,.400,.585
521,2016,2018,POR,NBA,Pat Connaughton\connapa01,84,1,694,77,182,38,87,39,95,21,24,21,91,112,46,8,3,35,45,214,.423,.437,.411,.530,.875,.556
522,2016,2018,MEM,NBA,Mike Conley\conlemi01,135,134,4365,816,1850,546,1149,270,701,556,657,57,375,432,817,169,38,255,247,2458,.441,.475,.385,.514,.846,.575
523,2016,2018,OKC,NBA,Nick Collison\collini01,80,4,832,64,132,64,129,0,3,28,41,77,125,202,65,17,18,54,124,156,.485,.496,.000,.485,.683,.520
524,2016,2018,TOT,NBA,Darren Collison\collida01,154,91,4664,773,1608,600,1177,173,431,366,425,57,299,356,712,157,14,262,284,2085,.481,.510,.401,.535,.861,.581
525,2018,2018,POR,NBA,Zach Collins\colliza01,3,0,25,0,7,0,5,0,2,0,0,2,1,3,1,0,0,1,7,0,.000,.000,.000,.000,,.000
526,2018,2018,ATL,NBA,John Collins\collijo01,11,0,223,43,88,43,87,0,1,29,39,38,46,84,7,5,13,14,40,115,.489,.494,.000,.489,.744,.547
527,2016,2017,TOT,NBA,Norris Cole\coleno01,58,23,1323,212,536,176,421,36,115,60,75,10,152,162,181,45,5,82,120,520,.396,.418,.313,.429,.800,.457
528,2018,2018,DAL,NBA,Gian Clavell\clavegi01,6,0,56,5,15,0,2,5,13,0,0,1,6,7,3,2,0,1,7,15,.333,.000,.385,.500,,.500
529,2016,2018,LAL,NBA,Jordan Clarkson\clarkjo01,173,98,5201,1023,2308,780,1597,243,711,325,407,148,441,589,439,185,15,324,335,2614,.443,.488,.342,.496,.799,.526
530,2016,2016,BOS,NBA,Coty Clarke\clarkco01,3,0,6,2,4,0,2,2,2,0,0,0,1,1,0,0,0,1,0,6,.500,.000,1.000,.750,,.750
531,2016,2018,TOT,NBA,Ian Clark\clarkia01,154,1,1921,324,697,220,415,104,282,77,100,37,174,211,176,60,21,106,151,829,.465,.530,.369,.539,.770,.559
532,2017,2017,OKC,NBA,Semaj Christon\chrisse01,64,1,973,77,223,65,160,12,63,17,31,19,68,87,130,28,7,43,79,183,.345,.406,.190,.372,.548,.387
533,2016,2017,IND,NBA,Rakeem Christmas\chrisra01,30,0,225,21,45,21,45,0,0,21,29,27,30,57,4,3,6,8,38,63,.467,.467,,.467,.724,.545
534,2017,2018,PHO,NBA,Marquese Chriss\chrisma01,94,84,1983,311,702,228,449,83,253,127,199,102,305,407,77,75,82,123,304,832,.443,.508,.328,.502,.638,.527
535,2017,2018,DEN,NBA,Wilson Chandler\chandwi01,83,45,2555,468,1026,349,672,119,354,154,211,118,390,508,172,57,35,129,195,1209,.456,.519,.336,.514,.730,.540
536,2016,2018,PHO,NBA,Tyson Chandler\chandty01,124,117,3196,368,596,368,595,0,1,213,319,362,855,1217,101,73,74,177,309,949,.617,.618,.000,.617,.668,.644
537,2016,2018,TOT,NBA,Mario Chalmers\chalmma01,72,8,1626,212,529,158,347,54,182,238,291,25,160,185,267,102,15,126,218,716,.401,.455,.297,.452,.818,.545
538,2018,2018,ATL,NBA,Tyler Cavanaugh\cavanty01,2,0,3,0,0,0,0,0,0,0,0,0,1,1,0,0,0,0,1,0,,,,,,
539,2016,2018,SAC,NBA,Willie Cauley-Stein\caulewi01,152,71,3107,487,898,487,892,0,6,198,299,237,520,757,139,110,121,126,318,1172,.542,.546,.000,.542,.662,.569
540,2016,2018,TOT,NBA,Omri Casspi\casspom01,114,23,2609,390,808,260,488,130,320,132,202,89,459,548,140,83,25,128,215,1042,.483,.533,.406,.563,.653,.581
541,2018,2018,LAL,NBA,Alex Caruso\carusal01,2,0,19,1,2,1,2,0,0,0,0,0,2,2,4,0,0,2,0,2,.500,.500,,.500,,.500
542,2016,2018,TOT,NBA,Michael Carter-Williams\cartemi01,101,56,2523,364,867,334,747,30,120,166,243,74,359,433,398,122,65,219,268,924,.420,.447,.250,.437,.683,.474
543,2016,2018,TOT,NBA,Vince Carter\cartevi01,142,18,2912,333,864,156,378,177,486,161,203,67,316,383,196,102,53,90,276,1004,.385,.413,.364,.488,.793,.527
544,2016,2018,TOT,NBA,DeMarre Carroll\carrode01,108,104,2950,368,920,197,437,171,483,149,208,108,357,465,116,140,38,94,234,1056,.400,.451,.354,.493,.716,.522
545,2016,2018,HOU,NBA,Clint Capela\capelca01,154,106,3319,661,1058,661,1056,0,2,197,420,411,739,1150,124,103,193,166,399,1519,.625,.626,.000,.625,.469,.611
546,2016,2018,TOT,NBA,Isaiah Canaan\canaais01,117,39,2562,323,896,122,317,201,579,180,213,26,199,225,174,78,13,112,168,1027,.360,.385,.347,.473,.845,.519
547,2016,2018,TOT,NBA,Kentavious Caldwell-Pope\caldwke01,162,161,5647,814,1985,534,1134,280,851,360,439,130,447,577,356,214,32,208,308,2268,.410,.471,.329,.481,.820,.521
548,2016,2018,TOT,NBA,Jose Calderon\caldejo01,119,86,2600,267,596,162,327,105,269,53,60,37,269,306,390,74,8,132,171,692,.448,.495,.390,.536,.883,.556
549,2016,2018,TOR,NBA,Bruno Caboclo\cabocbr01,17,1,90,7,30,4,15,3,15,0,0,6,7,13,6,5,2,6,7,17,.233,.267,.200,.283,,.283
550,2016,2016,SAS,NBA,Rasual Butler\butlera01,46,0,432,49,104,34,55,15,49,11,16,3,53,56,24,13,23,8,11,124,.471,.618,.306,.543,.688,.558
551,2016,2018,TOT,NBA,Jimmy Butler\butleji01,152,151,5603,1087,2396,925,1922,162,474,1011,1187,213,660,873,775,268,75,312,253,3347,.454,.481,.342,.487,.852,.573
552,2016,2016,SAC,NBA,Caron Butler\butleca01,17,1,176,25,59,22,41,3,18,10,12,5,17,22,10,9,1,3,19,63,.424,.537,.167,.449,.833,.490
553,2016,2018,UTA,NBA,Alec Burks\burksal01,83,3,1587,255,631,189,460,66,171,173,227,33,215,248,98,42,11,95,132,749,.404,.411,.386,.456,.762,.512
554,2016,2017,TOT,NBA,Trey Burke\burketr01,121,0,2069,378,889,259,563,119,326,89,111,25,134,159,248,46,11,128,140,964,.425,.460,.365,.492,.802,.514
555,2016,2018,DET,NBA,Reggie Bullock\bullore01,74,6,989,102,245,51,108,51,137,21,26,27,110,137,63,33,6,20,51,276,.416,.472,.372,.520,.808,.538
556,2016,2016,TOT,NBA,Chase Budinger\budinch01,66,2,929,104,239,80,153,24,86,39,56,43,107,150,64,32,10,44,62,271,.435,.523,.279,.485,.696,.514
557,2016,2016,LAL,NBA,Kobe Bryant\bryanko01,66,66,1863,398,1113,265,646,133,467,232,281,41,206,247,184,62,13,129,115,1161,.358,.410,.285,.417,.826,.469
558,2017,2018,TOT,NBA,Nicolas Brussino\brussni01,57,2,531,52,143,23,46,29,97,17,22,26,72,98,47,17,8,26,43,150,.364,.500,.299,.465,.773,.491
559,2018,2018,MIL,NBA,Sterling Brown\brownst02,3,0,16,2,5,1,3,1,2,0,0,0,2,2,2,1,0,1,2,5,.400,.333,.500,.500,,.500
560,2016,2016,BRK,NBA,Markel Brown\brownma02,62,6,982,127,322,89,201,38,121,71,94,23,99,122,91,38,15,54,94,363,.394,.443,.314,.453,.755,.500
561,2016,2016,PHO,NBA,Lorenzo Brown\brownlo01,8,0,61,8,25,7,17,1,8,3,4,0,7,7,11,3,1,9,4,20,.320,.412,.125,.340,.750,.374
562,2017,2018,BOS,NBA,Jaylen Brown\brownja02,90,32,1721,255,564,188,374,67,190,116,176,59,242,301,76,46,20,86,174,693,.452,.503,.353,.512,.659,.540
563,2017,2018,HOU,NBA,Bobby Brown\brownbo02,32,0,195,34,91,13,35,21,56,2,2,0,11,11,21,3,0,10,9,91,.374,.371,.375,.489,1.000,.495
564,2016,2017,TOT,NBA,Anthony Brown\brownan02,40,11,758,57,176,30,79,27,97,17,20,17,86,103,27,19,6,21,49,158,.324,.380,.278,.401,.850,.427
565,2018,2018,MEM,NBA,Dillon Brooks\brookdi01,11,3,326,36,83,29,56,7,27,14,20,7,40,47,14,14,5,21,40,93,.434,.518,.259,.476,.700,.507
566,2016,2018,TOT,NBA,Aaron Brooks\brookaa01,139,0,2013,313,776,198,460,115,316,82,106,40,133,173,306,56,19,148,225,823,.403,.430,.364,.477,.774,.500
567,2017,2018,MIL,NBA,Malcolm Brogdon\brogdma01,84,37,2284,345,744,247,510,98,234,125,146,49,184,233,361,93,14,129,167,913,.464,.484,.419,.530,.856,.565
568,2016,2018,TOT,NBA,Corey Brewer\breweco01,176,24,3117,368,926,280,578,88,348,160,217,77,309,386,215,150,43,140,319,984,.397,.484,.253,.445,.737,.482
569,2016,2016,PHI,NBA,Elton Brand\brandel01,17,1,225,31,72,31,71,0,1,8,9,9,54,63,18,9,8,11,32,70,.431,.437,.000,.431,.889,.461
570,2018,2018,UTA,NBA,Tony Bradley\bradlto01,1,0,6,0,1,0,1,0,0,0,0,0,1,1,0,0,0,0,0,0,.000,.000,,.000,,.000
571,2016,2018,TOT,NBA,Avery Bradley\bradlav01,142,138,4715,883,1949,607,1215,276,734,184,241,122,464,586,301,202,33,227,330,2226,.453,.500,.376,.524,.763,.542
572,2016,2016,MIA,NBA,Chris Bosh\boshch01,53,53,1778,358,767,277,545,81,222,213,268,48,342,390,128,36,34,78,101,1010,.467,.508,.365,.520,.795,.571
573,2016,2018,TOT,NBA,Trevor Booker\booketr01,158,45,3563,530,1049,492,926,38,123,160,245,334,748,1082,236,137,70,223,341,1258,.505,.531,.309,.523,.653,.544
574,2016,2018,PHO,NBA,Devin Booker\bookede01,166,141,5233,1065,2507,794,1743,271,764,641,762,79,411,490,513,128,43,434,501,3042,.425,.456,.355,.479,.841,.535
575,2016,2016,SAS,NBA,Matt Bonner\bonnema01,30,2,206,29,57,14,23,15,34,3,4,3,24,27,9,6,1,3,16,76,.509,.609,.441,.640,.750,.647
576,2017,2017,UTA,NBA,Joel Bolomboy\bolomjo01,12,0,53,9,16,8,12,1,4,3,6,4,13,17,2,1,2,2,1,22,.563,.667,.250,.594,.500,.590
577,2016,2018,TOT,NBA,Andrew Bogut\bogutan01,104,87,2083,216,365,215,363,1,2,27,61,182,547,729,214,47,143,133,318,460,.592,.592,.500,.593,.443,.587
578,2016,2018,TOT,NBA,Bojan Bogdanovic\bogdabo02,172,105,4543,758,1709,466,930,292,779,351,404,78,494,572,227,71,12,262,286,2159,.444,.501,.375,.529,.869,.572
579,2018,2018,SAC,NBA,Bogdan Bogdanovic\bogdabo01,8,6,192,32,70,24,47,8,23,8,8,4,16,20,13,8,5,10,13,80,.457,.511,.348,.514,1.000,.544
580,2018,2018,LAL,NBA,Vander Blue\blueva01,1,0,3,1,2,1,2,0,0,0,0,0,0,0,0,0,0,0,0,2,.500,.500,,.500,,.500
581,2016,2018,PHO,NBA,Eric Bledsoe\bledser01,100,100,3318,688,1566,532,1114,156,452,537,644,73,379,452,617,158,52,344,245,2069,.439,.478,.345,.489,.834,.559
582,2018,2018,CHI,NBA,Antonio Blakeney\blakean01,1,0,1,1,1,1,1,0,0,0,0,0,0,0,0,0,0,0,0,2,1.000,1.000,,1.000,,1.000
583,2016,2016,DET,NBA,Steve Blake\blakest01,58,2,986,93,240,41,89,52,151,16,20,9,80,89,200,24,5,81,70,254,.388,.461,.344,.496,.800,.510
584,2016,2016,WAS,NBA,DeJuan Blair\blairde01,29,0,218,28,68,28,67,0,1,5,13,20,37,57,11,8,2,15,53,61,.412,.418,.000,.412,.385,.414
585,2016,2018,TOT,NBA,Tarik Black\blackta01,113,16,1647,213,407,212,404,1,3,108,162,191,326,517,59,47,66,83,268,535,.523,.525,.333,.525,.667,.559
586,2016,2018,MIN,NBA,Nemanja Bjelica\bjeline01,136,1,2435,290,639,170,310,120,329,96,128,109,373,482,170,73,43,116,323,796,.454,.548,.365,.548,.750,.572
587,2016,2018,TOT,NBA,Bismack Biyombo\biyombi01,174,49,3755,350,659,350,658,0,1,279,483,353,912,1265,103,46,235,179,456,979,.531,.532,.000,.531,.578,.562
588,2018,2018,BOS,NBA,Jabari Bird\birdja01,2,0,16,0,1,0,0,0,1,3,5,0,1,1,0,0,0,0,1,3,.000,,.000,.000,.600,.469
589,2018,2018,ORL,NBA,Khem Birch\birchkh01,2,0,6,1,3,1,3,0,0,0,0,2,0,2,1,0,0,0,3,2,.333,.333,,.333,,.333
590,2016,2018,TOT,NBA,Patrick Beverley\beverpa01,148,140,4410,531,1248,276,597,255,651,147,200,184,498,682,550,212,55,214,489,1464,.425,.462,.392,.528,.735,.548
591,2017,2018,SAS,NBA,Davis Bertans\bertada01,74,6,851,108,249,36,65,72,184,30,37,22,83,105,49,21,29,33,79,318,.434,.554,.391,.578,.811,.599
592,2017,2017,DAL,NBA,Ben Bentil\bentibe01,3,0,10,0,3,0,2,0,1,0,0,0,2,2,0,0,0,1,1,0,.000,.000,.000,.000,,.000
593,2016,2017,TOT,NBA,Anthony Bennett\bennean01,42,1,348,46,119,30,57,16,62,35,46,31,70,101,12,10,3,16,26,143,.387,.526,.258,.454,.761,.514
594,2017,2018,PHO,NBA,Dragan Bender\bendedr01,55,0,829,76,217,37,77,39,140,12,20,29,126,155,33,14,32,46,89,203,.350,.481,.279,.440,.600,.450
595,2017,2018,ATL,NBA,DeAndre' Bembry\bembrde01,39,1,389,50,104,49,85,1,19,6,16,15,50,65,29,10,6,18,21,107,.481,.576,.053,.486,.375,.482
596,2018,2018,GSW,NBA,Jordan Bell\belljo01,10,0,90,18,25,18,25,0,0,0,1,8,15,23,9,5,6,5,16,36,.720,.720,,.720,.000,.708
597,2016,2018,TOT,NBA,Marco Belinelli\belinma01,153,7,3733,551,1355,333,719,218,636,285,327,26,292,318,301,92,11,162,190,1605,.407,.463,.343,.487,.872,.535
598,2016,2018,TOT,NBA,Michael Beasley\beaslmi01,85,7,1408,340,648,319,591,21,57,121,162,73,238,311,79,39,37,99,141,822,.525,.540,.368,.541,.747,.571
599,2017,2018,DEN,NBA,Malik Beasley\beaslma01,34,1,283,45,104,32,61,13,43,8,13,8,29,37,18,8,0,13,22,111,.433,.525,.302,.495,.615,.506
600,2016,2018,WAS,NBA,Bradley Beal\bealbr01,143,123,4775,1094,2320,744,1437,350,883,475,589,106,373,479,464,149,37,298,308,3013,.472,.518,.396,.547,.806,.584
601,2016,2018,ATL,NBA,Kent Bazemore\bazemke01,159,143,4368,657,1564,445,954,212,610,284,373,79,581,660,388,209,96,293,368,1810,.420,.466,.348,.488,.761,.524
602,2016,2018,TOT,NBA,Aron Baynes\baynear01,168,11,2628,371,729,371,726,0,3,222,284,276,510,786,95,41,99,127,347,964,.509,.511,.000,.509,.782,.564
603,2016,2018,TOT,NBA,Jerryd Bayless\bayleje01,64,26,1856,231,545,109,264,122,281,89,112,26,152,178,194,54,13,94,140,673,.424,.413,.434,.536,.795,.566
604,2016,2017,CHO,NBA,Nicolas Batum\batumni01,147,147,5065,765,1848,491,1044,274,804,406,476,101,808,909,859,151,72,399,223,2210,.414,.470,.341,.488,.853,.537
605,2016,2017,TOT,NBA,Brandon Bass\bassbr01,118,0,1919,281,503,280,498,1,5,202,236,147,267,414,95,47,66,71,170,765,.559,.562,.200,.560,.856,.630
606,2016,2018,DEN,NBA,Will Barton\bartowi01,154,20,4400,782,1790,561,1172,221,618,383,494,127,669,796,445,133,71,256,281,2168,.437,.479,.358,.499,.775,.540
607,2016,2017,TOT,NBA,Matt Barnes\barnema02,150,63,3967,449,1166,243,533,206,633,181,227,154,650,804,358,126,83,228,419,1285,.385,.456,.325,.473,.797,.508
608,2016,2018,TOT,NBA,Harrison Barnes\barneha02,157,150,5266,975,2096,798,1611,177,485,386,471,184,609,793,255,114,27,180,283,2513,.465,.495,.365,.507,.820,.546
609,2016,2016,BRK,NBA,Andrea Bargnani\bargnan01,46,0,634,127,279,124,263,3,16,47,57,28,69,97,18,4,9,26,61,304,.455,.471,.188,.461,.825,.500
610,2016,2018,DAL,NBA,J.J. Barea\bareajo01,121,23,2701,514,1180,337,714,177,466,132,166,40,233,273,552,44,4,204,156,1337,.436,.472,.380,.511,.795,.534
611,2016,2017,TOT,NBA,Leandro Barbosa\barbole01,135,0,2042,343,762,269,554,74,208,92,107,43,178,221,163,75,18,101,189,852,.450,.486,.356,.499,.860,.527
612,2018,2018,LAL,NBA,Lonzo Ball\balllo01,12,12,397,42,144,29,85,13,59,10,20,15,62,77,83,14,10,30,20,107,.292,.341,.220,.337,.500,.350
613,2017,2017,MEM,NBA,Wade Baldwin\baldwwa01,33,1,405,36,115,33,93,3,22,31,37,11,35,46,61,18,7,39,40,106,.313,.355,.136,.326,.838,.404
614,2017,2018,NYK,NBA,Ron Baker\bakerro01,55,13,905,84,224,59,135,25,89,33,53,12,88,100,118,38,8,62,77,226,.375,.437,.281,.431,.623,.457
615,2016,2016,CHI,NBA,Cameron Bairstow\bairsca01,18,2,103,13,40,12,35,1,5,7,8,4,24,28,6,2,3,4,19,34,.325,.343,.200,.338,.875,.391
616,2018,2018,CHO,NBA,Dwayne Bacon\bacondw01,11,6,267,25,70,16,46,9,24,7,9,0,53,53,14,6,2,9,23,66,.357,.348,.375,.421,.778,.446
617,2016,2018,TOT,NBA,Luke Babbitt\babbilu01,126,70,2111,265,628,118,275,147,353,54,71,38,277,315,94,34,20,54,225,731,.422,.429,.416,.539,.761,.554
618,2016,2016,LAC,NBA,Jeff Ayres\pendeje02,17,0,107,12,23,12,22,0,1,6,6,4,18,22,5,0,3,6,18,30,.522,.545,.000,.522,1.000,.585
619,2016,2018,TOT,NBA,D.J. Augustin\augusdj01,148,26,2896,363,910,193,450,170,460,253,311,25,203,228,448,80,5,184,201,1149,.399,.429,.370,.492,.814,.549
620,2016,2017,NOP,NBA,Omer Asik\asikom01,99,83,1660,135,260,135,260,0,0,84,151,168,409,577,41,26,33,74,175,354,.519,.519,,.519,.556,.542
621,2016,2018,DEN,NBA,Darrell Arthur\arthuda01,113,23,2174,317,710,219,472,98,238,59,75,112,296,408,139,73,69,103,263,791,.446,.464,.412,.515,.787,.532
622,2016,2018,HOU,NBA,Trevor Ariza\arizatr01,171,171,5989,714,1745,319,624,395,1121,234,303,128,743,871,393,321,48,195,333,2057,.409,.511,.352,.522,.772,.548
623,2018,2018,CHI,NBA,Ryan Arcidiacono\arcidry01,1,0,5,0,2,0,0,0,2,0,0,0,0,0,1,0,0,0,1,0,.000,,.000,.000,,.000
624,2016,2016,ORL,NBA,Keith Appling\applike01,5,0,27,2,8,2,5,0,3,2,2,0,1,1,1,1,0,3,5,6,.250,.400,.000,.250,1.000,.338
625,2018,2018,TOR,NBA,OG Anunoby\anunoog01,11,0,181,22,54,11,25,11,29,7,13,9,17,26,15,10,1,4,17,62,.407,.440,.379,.509,.538,.519
626,2016,2017,TOT,NBA,Joel Anthony\anthojo01,38,0,218,16,26,16,26,0,0,11,16,16,36,52,4,4,18,6,26,43,.615,.615,,.615,.688,.651
627,2016,2018,TOT,NBA,Carmelo Anthony\anthoca01,157,157,5425,1250,2887,966,2079,284,808,677,816,168,889,1057,528,132,83,348,412,3461,.433,.465,.351,.482,.830,.533
628,2016,2016,NYK,NBA,Thanasis Antetokounmpo\antetth01,2,0,6,3,4,3,3,0,1,0,0,0,1,1,0,0,0,0,2,6,.750,1.000,.000,.750,,.750
629,2016,2018,MIL,NBA,Giannis Antetokounmpo\antetgi01,170,169,6040,1294,2480,1210,2170,84,310,829,1100,271,1139,1410,827,240,281,479,542,3501,.522,.558,.271,.539,.754,.591
630,2018,2018,IND,NBA,Ike Anigbogu\anigbik01,4,0,12,1,3,1,3,0,0,2,2,2,0,2,0,1,1,2,1,4,.333,.333,,.333,1.000,.515
631,2016,2018,TOT,NBA,Ryan Anderson\anderry01,150,91,4501,768,1815,399,859,369,956,340,392,257,535,792,150,73,45,152,275,2245,.423,.464,.386,.525,.867,.565
632,2016,2018,SAS,NBA,Kyle Anderson\anderky01,161,36,2553,265,576,236,493,29,83,122,161,79,444,523,238,120,66,108,179,681,.460,.479,.349,.485,.758,.526
633,2016,2018,TOT,NBA,Justin Anderson\anderju01,137,19,1965,271,653,184,355,87,298,148,188,95,302,397,96,62,49,93,167,777,.415,.518,.292,.482,.787,.528
634,2016,2016,SAC,NBA,James Anderson\anderja01,51,15,721,67,178,44,92,23,86,22,29,13,73,86,41,21,14,42,54,179,.376,.478,.267,.441,.759,.469
635,2016,2017,TOT,NBA,Alan Anderson\anderal01,43,0,500,51,139,25,58,26,81,23,31,4,47,51,25,7,1,9,60,151,.367,.431,.321,.460,.742,.495
636,2016,2017,TOT,NBA,Chris Andersen\anderch01,39,15,516,47,94,43,77,4,17,35,50,45,84,129,17,20,20,14,49,133,.500,.558,.235,.521,.700,.573
637,2016,2016,NYK,NBA,Lou Amundson\amundlo01,29,0,204,19,53,19,53,0,0,14,27,23,26,49,12,6,7,15,44,52,.358,.358,,.358,.519,.401
638,2016,2018,POR,NBA,Al-Farouq Aminu\aminual01,151,115,4355,508,1245,299,654,209,591,221,304,189,826,1015,251,139,107,220,287,1446,.408,.457,.354,.492,.727,.524
639,2016,2018,TOT,NBA,Tony Allen\allento01,147,123,3696,516,1118,484,1014,32,104,172,276,278,435,713,173,233,49,189,380,1236,.462,.477,.308,.476,.623,.499
640,2016,2017,IND,NBA,Lavoy Allen\allenla01,140,33,2470,268,538,268,537,0,1,69,106,267,376,643,133,44,66,98,225,605,.498,.499,.000,.498,.651,.517
641,2018,2018,BRK,NBA,Jarrett Allen\allenja01,6,0,90,9,22,9,21,0,1,6,10,6,10,16,2,6,6,3,12,24,.409,.429,.000,.409,.600,.455
642,2016,2016,POR,NBA,Cliff Alexander\alexacl01,8,0,36,5,10,5,10,0,0,0,0,2,4,6,0,1,2,1,1,10,.500,.500,,.500,,.500
643,2016,2018,SAS,NBA,LaMarcus Aldridge\aldrila01,157,157,4964,1131,2289,1099,2196,32,93,529,638,383,863,1246,271,93,183,214,334,2823,.494,.500,.344,.501,.829,.549
644,2016,2018,TOT,NBA,Cole Aldrich\aldrico01,126,5,1340,179,313,179,313,0,0,76,108,137,310,447,76,73,91,81,226,434,.572,.572,,.572,.704,.602
645,2016,2017,NOP,NBA,Alexis Ajinca\ajincal01,98,32,1445,239,493,239,488,0,5,81,102,121,325,446,43,39,58,85,211,559,.485,.490,.000,.485,.794,.520
646,2016,2018,TOT,NBA,Arron Afflalo\afflaar01,139,102,4007,541,1230,388,836,153,394,197,229,32,362,394,225,46,17,126,250,1432,.440,.464,.388,.502,.860,.538
647,2018,2018,MIA,NBA,Bam Adebayo\adebaba01,8,3,112,11,23,11,23,0,0,8,11,14,21,35,0,4,4,3,12,30,.478,.478,,.478,.727,.539
648,2016,2018,OKC,NBA,Steven Adams\adamsst01,171,171,4741,693,1170,693,1169,0,1,290,478,544,694,1238,161,148,181,249,442,1676,.592,.593,.000,.592,.607,.607
649,2016,2016,MEM,NBA,Jordan Adams\adamsjo01,2,0,15,2,6,2,5,0,1,3,5,0,2,2,3,3,0,2,2,7,.333,.400,.000,.333,.600,.427
650,2016,2018,TOT,NBA,Quincy Acy\acyqu01,105,30,1562,202,420,134,248,68,172,98,132,88,245,333,50,46,39,59,189,570,.481,.540,.395,.562,.742,.596
651,2017,2018,OKC,NBA,Alex Abrines\abrinal01,79,6,1234,148,381,46,108,102,273,47,52,22,79,101,45,44,9,38,139,445,.388,.426,.374,.522,.904,.551
